row_id,pred_bear_steepen_shock_10d
6508,0.0
6515,0.0
6516,0.0
6526,0.0
6527,0.0
6530,0.0
6535,0.0
6553,0.0
6560,0.0
6575,0.0
6589,0.0
6591,0.0
6614,0.0
6630,0.0
6644,0.0
6648,0.0
6665,0.0
6666,0.0
6671,0.0
6688,0.0
6697,0.0
6726,0.0
6738,1.0
6740,0.0
6742,0.0
6758,0.0
6779,0.0
6780,0.0
6793,0.0
6806,0.0
6809,0.0
6814,0.0
6822,0.0
6823,0.0
6828,0.0
6835,0.0
6838,0.0
6844,0.0
6846,0.0
6860,0.0
6862,0.0
6875,0.0
6881,0.0
6886,0.0
6893,0.0
6899,0.0
6902,0.0
6908,0.0
6918,0.0
6930,0.0
6936,0.0
6938,0.0
6941,0.0
6942,0.0
6954,0.0
6977,0.0
6981,0.0
6984,0.0
6987,0.0
6994,0.0
7005,0.0
7006,0.0
7007,0.0
7008,0.0
7009,0.0
7010,0.0
7011,0.0
7012,0.0
7013,0.0
7014,0.0
7015,0.0
7016,0.0
7017,1.0
7018,0.0
7019,0.0
7020,0.0
7021,0.0
7022,0.0
7023,0.0
7024,0.0
7025,0.0
7026,0.0
7027,0.0
7028,0.0
7029,0.0
7030,0.0
7031,0.0
7032,0.0
7033,0.0
7034,0.0
7035,0.0
7036,0.0
7037,0.0
7038,0.0
7039,0.0
7040,0.0
7041,0.0
7042,0.0
7043,0.0
7044,0.0
7045,0.0
7046,0.0
7047,0.0
7048,0.0
7049,0.0
7050,0.0
7051,0.0
7052,0.0
7053,0.0
7054,0.0
7055,0.0
7056,0.0
7057,0.0
7058,0.0
7059,0.0
7060,0.0
7061,0.0
7062,0.0
7063,0.0
7064,0.0
7065,0.0
7066,0.0
7067,0.0
7068,0.0
7069,0.0
7070,0.0
7071,0.0
7072,0.0
7073,0.0
7074,0.0
7075,0.0
7076,0.0
7077,0.0
7078,0.0
7079,0.0
7080,0.0
7081,0.0
7082,0.0
7083,0.0
7084,0.0
7085,0.0
7086,0.0
7087,0.0
7088,0.0
7089,0.0
7090,0.0
7091,0.0
7092,0.0
7093,0.0
7094,0.0
7095,0.0
7096,0.0
7097,0.0
7098,0.0
7099,0.0
7100,0.0
7101,0.0
7102,0.0
7103,0.0
7104,0.0
7105,0.0
7106,0.0
7107,0.0
7108,0.0
7109,0.0
7110,0.0
7111,0.0
7112,0.0
7113,0.0
7114,0.0
7115,0.0
7116,0.0
7117,0.0
7118,0.0
7119,0.0
7120,0.0
7121,0.0
7122,0.0
7123,0.0
7124,0.0
7125,0.0
7126,0.0
7127,0.0
7128,0.0
7129,0.0
7130,0.0
7131,0.0
7132,0.0
7133,0.0
7134,0.0
7135,0.0
7136,0.0
7137,0.0
7138,0.0
7139,0.0
7140,0.0
7141,0.0
7142,0.0
7143,0.0
7144,0.0
7145,0.0
7146,0.0
7147,0.0
7148,0.0
7149,0.0
7150,0.0
7151,0.0
7152,0.0
7153,0.0
7154,0.0
7155,0.0
7156,0.0
7157,0.0
7158,0.0
7159,0.0
7160,0.0
7161,0.0
7162,0.0
7163,0.0
7164,0.0
7165,0.0
7166,0.0
7167,0.0
7168,0.0
7169,0.0
7170,0.0
7171,0.0
7172,0.0
7173,0.0
7174,0.0
7175,0.0
7176,0.0
7177,0.0
7178,0.0
7179,0.0
7180,0.0
7181,0.0
7182,0.0
7183,0.0
7184,0.0
7185,0.0
7186,0.0
7187,0.0
7188,0.0
7189,0.0
7190,0.0
7191,0.0
7192,0.0
7193,0.0
7194,0.0
7195,0.0
7196,0.0
7197,0.0
7198,0.0
7199,0.0
7200,0.0
7201,0.0
7202,0.0
7203,0.0
7204,0.0
7205,0.0
7206,0.0
7207,0.0
7208,0.0
7209,0.0
7210,0.0
7211,0.0
7212,0.0
7213,0.0
7214,0.0
7215,0.0
7216,0.0
7217,0.0
7218,0.0
7219,0.0
7220,0.0
7221,0.0
7222,0.0
7223,0.0
7224,0.0
7225,0.0
7226,0.0
7227,0.0
7228,0.0
7229,0.0
7230,0.0
7231,0.0
7232,0.0
7233,0.0
7234,0.0
7235,0.0
7236,0.0
7237,0.0
7238,0.0
7239,0.0
7240,0.0
7241,0.0
7242,0.0
7243,0.0
7244,0.0
7245,0.0
7246,0.0
7247,0.0
7248,0.0
7249,0.0
7250,0.0
7251,0.0
7252,0.0
7253,0.0
7254,0.0
7255,0.0
7256,0.0
7257,0.0
7258,0.0
7259,0.0
7260,0.0
7261,0.0
7262,0.0
7263,0.0
7264,0.0
7265,0.0
7266,0.0
7267,0.0
7268,0.0
7269,0.0
7270,0.0
7271,0.0
7272,0.0
7273,0.0
7274,0.0
7275,0.0
7276,0.0
7277,0.0
7278,0.0
7279,0.0
7280,0.0
7281,0.0
7282,0.0
7283,0.0
7284,0.0
7285,0.0
7286,0.0
7287,0.0
7288,0.0
7289,0.0
7290,0.0
7291,0.0
7292,0.0
7293,0.0
7294,0.0
7295,0.0
7296,0.0
7297,0.0
7298,0.0
7299,0.0
7300,0.0
7301,0.0
7302,0.0
7303,0.0
7304,0.0
7305,0.0
7306,0.0
7307,0.0
7308,0.0
7309,0.0
7310,0.0
7311,0.0
7312,0.0
7313,0.0
7314,0.0
7315,0.0
7316,0.0
7317,0.0
7318,0.0
7319,0.0
7320,0.0
7321,0.0
7322,0.0
7323,0.0
7324,0.0
7325,0.0
7326,0.0
7327,0.0
7328,0.0
7329,0.0
7330,0.0
7331,0.0
7332,0.0
7333,0.0
7334,0.0
7335,0.0
7336,0.0
7337,0.0
7338,0.0
7339,0.0
7340,0.0
7341,0.0
7342,0.0
7343,0.0
7344,0.0
7345,0.0
7346,0.0
7347,0.0
7348,0.0
7349,0.0
7350,0.0
7351,0.0
7352,0.0
7353,0.0
7354,0.0
7355,0.0
7356,0.0
7357,0.0
7358,0.0
7359,0.0
7360,0.0
7361,0.0
7362,0.0
7363,0.0
7364,0.0
7365,0.0
7366,0.0
7367,0.0
7368,0.0
7369,0.0
7370,0.0
7371,0.0
7372,0.0
7373,0.0
7374,0.0
7375,0.0
7376,0.0
7377,0.0
7378,0.0
7379,0.0
7380,0.0
7381,0.0
7382,0.0
7383,0.0
7384,0.0
7385,0.0
7386,0.0
7387,0.0
7388,0.0
7389,0.0
7390,0.0
7391,0.0
7392,0.0
7393,0.0
7394,0.0
7395,0.0
7396,0.0
7397,0.0
7398,0.0
7399,0.0
7400,0.0
7401,0.0
7402,0.0
7403,0.0
7404,0.0
7405,0.0
7406,0.0
7407,0.0
7408,0.0
7409,0.0
7410,0.0
7411,0.0
7412,0.0
7413,0.0
7414,0.0
7415,0.0
7416,0.0
7417,0.0
7418,1.0
7419,1.0
7420,1.0
7421,1.0
7422,0.0
7423,0.0
7424,0.0
7425,0.0
7426,0.0
7427,0.0
7428,0.0
7429,0.0
7430,0.0
7431,0.0
7432,0.0
7433,0.0
7434,0.0
7435,0.0
7436,0.0
7437,0.0
7438,0.0
7439,0.0
7440,0.0
7441,0.0
7442,0.0
7443,0.0
7444,0.0
7445,0.0
7446,0.0
7447,0.0
7448,0.0
7449,0.0
7450,0.0
7451,0.0
7452,0.0
7453,0.0
7454,0.0
7455,0.0
7456,0.0
7457,0.0
7458,0.0
7459,0.0
7460,0.0
7461,0.0
7462,0.0
7463,0.0
7464,0.0
7465,0.0
7466,0.0
7467,0.0
7468,0.0
7469,0.0
7470,0.0
7471,0.0
7472,0.0
7473,0.0
7474,0.0
7475,0.0
7476,0.0
7477,0.0
7478,0.0
7479,0.0
7480,0.0
7481,0.0
7482,0.0
7483,0.0
7484,0.0
7485,0.0
7486,0.0
7487,0.0
7488,0.0
7489,0.0
7490,0.0
7491,0.0
7492,0.0
7493,0.0
7494,0.0
7495,0.0
7496,0.0
7497,0.0
7498,0.0
7499,0.0
7500,0.0
7501,0.0
7502,0.0
7503,0.0
7504,0.0
7505,0.0
7506,0.0
7507,0.0
7508,0.0
7509,0.0
7510,0.0
7511,0.0
7512,0.0
7513,0.0
7514,0.0
7515,0.0
7516,0.0
7517,0.0
7518,0.0
7519,0.0
7520,0.0
7521,0.0
7522,0.0
7523,0.0
7524,0.0
7525,0.0
7526,0.0
7527,0.0
7528,0.0
7529,0.0
7530,0.0
7531,0.0
7532,0.0
7533,0.0
7534,0.0
7535,0.0
7536,0.0
7537,0.0
7538,0.0
7539,0.0
7540,0.0
7541,0.0
7542,0.0
7543,0.0
7544,0.0
7545,0.0
7546,0.0
7547,0.0
7548,0.0
7549,0.0
7550,0.0
7551,0.0
7552,0.0
7553,0.0
7554,0.0
7555,0.0
7556,0.0
7557,0.0
7558,0.0
7559,0.0
7560,0.0
7561,0.0
7562,0.0
7563,0.0
7564,0.0
7565,0.0
7566,0.0
7567,0.0
7568,0.0
7569,0.0
7570,0.0
7571,0.0
7572,0.0
7573,0.0
7574,0.0
7575,0.0
7576,0.0
7577,0.0
7578,0.0
7579,0.0
7580,0.0
7581,0.0
7582,0.0
7583,0.0
7584,0.0
7585,0.0
7586,0.0
7587,0.0
7588,0.0
7589,0.0
7590,0.0
7591,0.0
7592,0.0
7593,0.0
7594,0.0
7595,0.0
7596,0.0
7597,0.0
7598,0.0
7599,0.0
7600,0.0
7601,0.0
7602,0.0
7603,0.0
7604,0.0
7605,0.0
7606,0.0
7607,0.0
7608,0.0
7609,0.0
7610,0.0
7611,0.0
7612,0.0
7613,0.0
7614,0.0
7615,0.0
7616,0.0
7617,0.0
7618,0.0
7619,0.0
7620,0.0
7621,0.0
7622,0.0
7623,0.0
7624,0.0
7625,0.0
7626,0.0
7627,0.0
7628,0.0
7629,0.0
7630,0.0
7631,0.0
7632,0.0
7633,0.0
7634,0.0
7635,0.0
7636,0.0
7637,0.0
7638,0.0
7639,0.0
7640,0.0
7641,0.0
7642,0.0
7643,0.0
7644,0.0
7645,0.0
7646,0.0
7647,0.0
7648,0.0
7649,0.0
7650,0.0
7651,0.0
7652,0.0
7653,0.0
7654,0.0
7655,0.0
7656,0.0
7657,0.0
7658,0.0
7659,0.0
7660,0.0
7661,0.0
7662,0.0
7663,0.0
7664,0.0
7665,0.0
7666,0.0
7667,0.0
7668,0.0
7669,0.0
7670,0.0
7671,0.0
7672,0.0
7673,0.0
7674,0.0
7675,0.0
7676,0.0
7677,0.0
7678,0.0
7679,0.0
7680,0.0
7681,0.0
7682,0.0
7683,0.0
7684,0.0
7685,0.0
7686,0.0
7687,0.0
7688,0.0
7689,0.0
7690,0.0
7691,0.0
7692,0.0
7693,0.0
7694,0.0
7695,0.0
7696,0.0
7697,0.0
7698,0.0
7699,0.0
7700,0.0
7701,0.0
7702,0.0
7703,0.0
7704,0.0
7705,0.0
7706,0.0
7707,0.0
7708,0.0
7709,0.0
7710,0.0
7711,0.0
7712,0.0
7713,0.0
7714,0.0
7715,0.0
7716,0.0
7717,0.0
7718,0.0
7719,0.0
7720,0.0
7721,0.0
7722,0.0
7723,0.0
7724,0.0
7725,0.0
7726,0.0
7727,0.0
7728,0.0
7729,0.0
7730,0.0
7731,0.0
7732,0.0
7733,0.0
7734,0.0
7735,0.0
7736,0.0
7737,0.0
7738,0.0
7739,0.0
7740,0.0
7741,0.0
7742,0.0
7743,0.0
7744,0.0
7745,0.0
7746,0.0
7747,0.0
7748,0.0
7749,0.0
7750,0.0
7751,0.0
7752,0.0
7753,0.0
7754,0.0
7755,0.0
7756,0.0
7757,0.0
7758,0.0
7759,0.0
7760,0.0
7761,0.0
7762,0.0
7763,0.0
7764,0.0
7765,0.0
7766,0.0
7767,0.0
7768,0.0
7769,0.0
7770,0.0
7771,0.0
7772,0.0
7773,0.0
7774,0.0
7775,0.0
7776,0.0
7777,0.0
7778,0.0
7779,0.0
7780,0.0
7781,0.0
7782,0.0
7783,0.0
7784,0.0
7785,0.0
7786,0.0
7787,0.0
7788,0.0
7789,0.0
7790,0.0
7791,0.0
7792,0.0
7793,0.0
7794,0.0
7795,0.0
7796,0.0
7797,0.0
7798,0.0
7799,0.0
7800,0.0
7801,0.0
7802,0.0
7803,0.0
7804,0.0
7805,0.0
7806,0.0
7807,0.0
7808,0.0
7809,0.0
7810,0.0
7811,0.0
7812,0.0
7813,0.0
7814,0.0
7815,0.0
7816,0.0
7817,0.0
7818,0.0
7819,0.0
7820,0.0
7821,0.0
7822,0.0
7823,0.0
7824,0.0
7825,0.0
7826,0.0
7827,0.0
7828,0.0
7829,0.0
7830,0.0
7831,0.0
7832,0.0
7833,0.0
7834,0.0
7835,0.0
7836,0.0
7837,0.0
7838,0.0
7839,0.0
7840,0.0
7841,0.0
7842,0.0
7843,0.0
7844,0.0
7845,0.0
7846,0.0
7847,0.0
7848,0.0
7849,0.0
7850,0.0
7851,0.0
7852,0.0
7853,0.0
7854,0.0
7855,0.0
7856,0.0
7857,0.0
7858,0.0
7859,0.0
7860,0.0
7861,0.0
7862,0.0
7863,0.0
7864,0.0
7865,0.0
7866,0.0
7867,0.0
7868,0.0
7869,0.0
7870,0.0
7871,0.0
7872,0.0
7873,0.0
7874,0.0
7875,0.0
7876,0.0
7877,0.0
7878,0.0
7879,0.0
7880,0.0
7881,0.0
7882,0.0
7883,0.0
7884,0.0
7885,0.0
7886,0.0
7887,0.0
7888,0.0
7889,0.0
7890,0.0
7891,0.0
7892,0.0
7893,0.0
7894,0.0
7895,0.0
7896,0.0
7897,0.0
7898,0.0
7899,0.0
7900,0.0
7901,0.0
7902,0.0
7903,0.0
7904,0.0
7905,0.0
7906,0.0
7907,0.0
7908,0.0
7909,0.0
7910,0.0
7911,0.0
7912,0.0
7913,0.0
7914,0.0
7915,0.0
7916,0.0
7917,0.0
7918,0.0
7919,0.0
7920,0.0
7921,0.0
7922,0.0
7923,0.0
7924,0.0
7925,0.0
7926,0.0
7927,0.0
7928,0.0
7929,0.0
7930,0.0
7931,1.0
7932,1.0
7933,0.0
7934,0.0
7935,0.0
7936,0.0
7937,0.0
7938,0.0
7939,0.0
7940,0.0
7941,0.0
7942,0.0
7943,0.0
7944,0.0
7945,0.0
7946,0.0
7947,0.0
7948,0.0
7949,0.0
7950,0.0
7951,0.0
7952,0.0
7953,0.0
7954,0.0
7955,0.0
7956,0.0
7957,0.0
7958,0.0
7959,0.0
7960,0.0
7961,0.0
7962,0.0
7963,0.0
7964,0.0
7965,0.0
7966,0.0
7967,0.0
7968,0.0
7969,0.0
7970,0.0
7971,0.0
7972,0.0
7973,0.0
7974,0.0
7975,0.0
7976,0.0
7977,0.0
7978,0.0
7979,0.0
7980,0.0
7981,0.0
7982,0.0
7983,0.0
7984,0.0
7985,0.0
7986,0.0
7987,0.0
7988,0.0
7989,0.0
7990,0.0
7991,0.0
7992,0.0
7993,0.0
7994,0.0
7995,0.0
7996,0.0
7997,1.0
7998,0.0
7999,0.0
8000,0.0
8001,1.0
8002,0.0
8003,0.0
8004,0.0
8005,0.0
8006,0.0
8007,0.0
8008,0.0
8009,0.0
8010,0.0
8011,0.0
8012,0.0
8013,0.0
8014,0.0
8015,0.0
8016,0.0
8017,0.0
8018,0.0
8019,0.0
8020,0.0
8021,0.0
8022,0.0
8023,0.0
8024,0.0
8025,0.0
8026,0.0
8027,0.0
8028,0.0
8029,0.0
8030,0.0
8031,0.0
8032,0.0
8033,0.0
8034,0.0
8035,0.0
8036,0.0
8037,0.0
8038,0.0
8039,0.0
8040,0.0
8041,0.0
8042,0.0
8043,0.0
8044,0.0
8045,0.0
8046,0.0
8047,0.0
8048,0.0
8049,0.0
8050,0.0
8051,0.0
8052,0.0
8053,0.0
8054,0.0
8055,0.0
8056,0.0
8057,0.0
8058,0.0
8059,0.0
8060,0.0
8061,0.0
8062,0.0
8063,0.0
8064,1.0
8065,0.0
8066,0.0
8067,1.0
8068,0.0
8069,1.0
8070,1.0
8071,1.0
8072,0.0
8073,0.0
8074,0.0
8075,0.0
8076,0.0
8077,0.0
8078,0.0
8079,0.0
8080,0.0
8081,0.0
8082,0.0
8083,0.0
8084,0.0
8085,0.0
8086,0.0
8087,0.0
8088,0.0
8089,0.0
8090,0.0
8091,0.0
8092,0.0
8093,0.0
8094,0.0
8095,0.0
8096,0.0
8097,0.0
8098,0.0
8099,0.0
8100,0.0
8101,0.0
8102,1.0
8103,0.0
8104,0.0
8105,0.0
8106,0.0
8107,0.0
8108,0.0
8109,0.0
8110,0.0
8111,0.0
8112,0.0
8113,0.0
8114,0.0
8115,0.0
8116,0.0
8117,0.0
8118,0.0
8119,0.0
8120,0.0
8121,0.0
8122,0.0
8123,0.0
8124,0.0
8125,0.0
8126,0.0
8127,0.0
8128,0.0
8129,0.0
8130,0.0
8131,0.0
8132,0.0
8133,0.0
8134,0.0
8135,0.0
8136,0.0
8137,0.0
8138,0.0
8139,0.0
8140,0.0
8141,0.0
8142,0.0
8143,0.0
8144,0.0
8145,0.0
8146,0.0
8147,0.0
8148,0.0
8149,0.0
8150,0.0
8151,0.0
8152,0.0
8153,0.0
8154,0.0
8155,1.0
8156,0.0
8157,1.0
8158,0.0
8159,0.0
8160,1.0
8161,0.0
8162,0.0
8163,0.0
8164,0.0
8165,1.0
8166,0.0
8167,0.0
8168,0.0
8169,1.0
8170,0.0
8171,0.0
8172,0.0
8173,0.0
8174,0.0
8175,0.0
8176,0.0
8177,0.0
8178,0.0
8179,0.0
8180,0.0
8181,0.0
8182,0.0
8183,0.0
8184,0.0
8185,0.0
8186,1.0
8187,0.0
8188,1.0
8189,0.0
8190,0.0
8191,0.0
8192,0.0
8193,0.0
8194,0.0
8195,0.0
8196,0.0
8197,1.0
8198,1.0
8199,0.0
8200,0.0
8201,0.0
8202,0.0
8203,0.0
8204,0.0
8205,0.0
8206,0.0
8207,0.0
8208,0.0
8209,0.0
8210,0.0
8211,0.0
8212,0.0
8213,0.0
8214,0.0
8215,0.0
8216,0.0
8217,0.0
8218,0.0
8219,0.0
8220,0.0
8221,0.0
8222,0.0
8223,0.0
8224,0.0
8225,0.0
8226,0.0
8227,0.0
8228,0.0
8229,0.0
8230,0.0
8231,0.0
8232,0.0
8233,0.0
8234,0.0
8235,0.0
8236,0.0
8237,0.0
8238,0.0
8239,0.0
8240,0.0
8241,0.0
8242,1.0
8243,1.0
8244,1.0
8245,0.0
8246,0.0
8247,0.0
8248,0.0
8249,0.0
8250,0.0
8251,0.0
8252,0.0
8253,0.0
8254,0.0
8255,0.0
8256,0.0
8257,0.0
8258,0.0
8259,0.0
8260,0.0
8261,0.0
8262,0.0
8263,0.0
8264,0.0
8265,0.0
8266,0.0
8267,0.0
8268,0.0
8269,0.0
8270,0.0
8271,0.0
8272,0.0
8273,0.0
8274,0.0
8275,0.0
8276,0.0
8277,0.0
8278,0.0
8279,0.0
8280,0.0
8281,0.0
8282,0.0
8283,0.0
8284,0.0
8285,0.0
8286,0.0
8287,0.0
8288,0.0
8289,0.0
8290,0.0
8291,0.0
8292,0.0
8293,0.0
8294,0.0
8295,0.0
8296,0.0
8297,0.0
8298,0.0
8299,0.0
8300,0.0
8301,0.0
8302,0.0
8303,0.0
8304,0.0
8305,0.0
8306,0.0
8307,0.0
8308,0.0
8309,0.0
8310,0.0
8311,0.0
8312,0.0
8313,0.0
8314,0.0
8315,0.0
8316,0.0
8317,0.0
8318,0.0
8319,0.0
8320,0.0
8321,0.0
8322,0.0
8323,0.0
8324,0.0
8325,0.0
8326,0.0
8327,0.0
8328,0.0
8329,0.0
8330,0.0
8331,0.0
8332,0.0
8333,0.0
8334,0.0
8335,0.0
8336,0.0
8337,0.0
8338,0.0
8339,0.0
8340,0.0
8341,0.0
8342,0.0
8343,0.0
8344,0.0
8345,0.0
8346,0.0
8347,0.0
8348,0.0
8349,0.0
8350,0.0
8351,0.0
8352,0.0
8353,0.0
8354,0.0
8355,0.0
8356,0.0
8357,0.0
8358,0.0
8359,0.0
8360,0.0
8361,0.0
8362,0.0
8363,0.0
8364,0.0
8365,0.0
8366,0.0
8367,0.0
8368,0.0
8369,0.0
8370,0.0
8371,0.0
8372,0.0
8373,0.0
8374,1.0
8375,0.0
8376,0.0
8377,0.0
8378,0.0
8379,0.0
8380,0.0
8381,0.0
8382,0.0
8383,0.0
8384,0.0
8385,0.0
8386,0.0
8387,0.0
8388,0.0
8389,0.0
8390,0.0
8391,1.0
8392,1.0
8393,0.0
8394,0.0
8395,0.0
8396,0.0
8397,0.0
8398,0.0
8399,0.0
8400,0.0
8401,1.0
8402,0.0
8403,0.0
8404,0.0
8405,0.0
8406,0.0
8407,0.0
8408,0.0
8409,0.0
8410,0.0
8411,0.0
8412,0.0
8413,0.0
8414,0.0
8415,0.0
8416,0.0
8417,0.0
8418,0.0
8419,0.0
8420,0.0
8421,0.0
8422,0.0
8423,0.0
8424,0.0
8425,0.0
8426,0.0
8427,0.0
8428,1.0
8429,0.0
8430,1.0
8431,0.0
8432,0.0
8433,0.0
8434,0.0
8435,0.0
8436,0.0
8437,0.0
8438,0.0
8439,0.0
8440,0.0
8441,0.0
8442,0.0
8443,0.0
8444,0.0
8445,1.0
8446,0.0
8447,0.0
8448,0.0
8449,1.0
8450,0.0
8451,0.0
8452,0.0
8453,0.0
8454,0.0
8455,0.0
8456,0.0
8457,0.0
8458,0.0
8459,0.0
8460,0.0
8461,0.0
8462,0.0
8463,0.0
8464,0.0
8465,0.0
8466,0.0
8467,0.0
8468,0.0
8469,0.0
8470,0.0
8471,0.0
8472,0.0
8473,0.0
8474,0.0
8475,0.0
8476,0.0
8477,0.0
8478,0.0
8479,0.0
8480,0.0
8481,0.0
8482,0.0
8483,0.0
8484,0.0
8485,0.0
8486,0.0
8487,0.0
8488,0.0
8489,0.0
8490,0.0
8491,0.0
8492,0.0
8493,0.0
8494,0.0
14998,0.0
15005,0.0
15006,0.0
15016,0.0
15017,0.0
15020,0.0
15025,0.0
15043,0.0
15050,0.0
15065,0.0
15079,0.0
15081,0.0
15104,0.0
15120,0.0
15134,0.0
15138,0.0
15155,0.0
15156,0.0
15161,0.0
15178,0.0
15187,0.0
15216,0.0
15228,0.0
15230,0.0
15232,0.0
15248,0.0
15269,0.0
15270,0.0
15283,0.0
15296,0.0
15299,0.0
15304,0.0
15312,0.0
15313,0.0
15318,0.0
15325,0.0
15328,0.0
15334,0.0
15336,0.0
15350,0.0
15352,0.0
15365,0.0
15371,0.0
15376,0.0
15383,0.0
15389,0.0
15392,0.0
15398,0.0
15408,0.0
15420,0.0
15426,0.0
15428,0.0
15431,0.0
15432,0.0
15444,0.0
15467,0.0
15471,0.0
15474,0.0
15477,0.0
15484,0.0
15495,0.0
15496,0.0
15497,0.0
15498,0.0
15499,0.0
15500,0.0
15501,0.0
15502,0.0
15503,0.0
15504,0.0
15505,0.0
15506,0.0
15507,0.0
15508,0.0
15509,0.0
15510,0.0
15511,0.0
15512,0.0
15513,0.0
15514,0.0
15515,0.0
15516,0.0
15517,0.0
15518,0.0
15519,0.0
15520,0.0
15521,0.0
15522,0.0
15523,0.0
15524,0.0
15525,0.0
15526,0.0
15527,0.0
15528,0.0
15529,0.0
15530,0.0
15531,0.0
15532,0.0
15533,0.0
15534,0.0
15535,0.0
15536,0.0
15537,0.0
15538,0.0
15539,0.0
15540,0.0
15541,0.0
15542,0.0
15543,0.0
15544,0.0
15545,0.0
15546,0.0
15547,0.0
15548,0.0
15549,0.0
15550,0.0
15551,0.0
15552,0.0
15553,0.0
15554,0.0
15555,0.0
15556,0.0
15557,0.0
15558,0.0
15559,0.0
15560,0.0
15561,0.0
15562,0.0
15563,0.0
15564,0.0
15565,0.0
15566,0.0
15567,0.0
15568,0.0
15569,0.0
15570,0.0
15571,0.0
15572,0.0
15573,0.0
15574,0.0
15575,0.0
15576,0.0
15577,0.0
15578,0.0
15579,0.0
15580,0.0
15581,0.0
15582,0.0
15583,0.0
15584,0.0
15585,0.0
15586,0.0
15587,0.0
15588,0.0
15589,0.0
15590,0.0
15591,0.0
15592,0.0
15593,0.0
15594,0.0
15595,0.0
15596,0.0
15597,0.0
15598,0.0
15599,0.0
15600,0.0
15601,0.0
15602,0.0
15603,0.0
15604,0.0
15605,0.0
15606,0.0
15607,0.0
15608,0.0
15609,0.0
15610,0.0
15611,0.0
15612,0.0
15613,0.0
15614,0.0
15615,0.0
15616,0.0
15617,0.0
15618,0.0
15619,0.0
15620,0.0
15621,0.0
15622,0.0
15623,0.0
15624,0.0
15625,0.0
15626,0.0
15627,0.0
15628,0.0
15629,0.0
15630,0.0
15631,0.0
15632,0.0
15633,0.0
15634,0.0
15635,0.0
15636,0.0
15637,0.0
15638,0.0
15639,0.0
15640,0.0
15641,0.0
15642,0.0
15643,0.0
15644,0.0
15645,0.0
15646,0.0
15647,0.0
15648,0.0
15649,0.0
15650,0.0
15651,0.0
15652,0.0
15653,0.0
15654,0.0
15655,0.0
15656,0.0
15657,0.0
15658,0.0
15659,0.0
15660,0.0
15661,0.0
15662,0.0
15663,0.0
15664,0.0
15665,0.0
15666,0.0
15667,0.0
15668,0.0
15669,0.0
15670,0.0
15671,0.0
15672,0.0
15673,0.0
15674,0.0
15675,0.0
15676,0.0
15677,0.0
15678,0.0
15679,0.0
15680,0.0
15681,0.0
15682,0.0
15683,0.0
15684,0.0
15685,0.0
15686,0.0
15687,0.0
15688,0.0
15689,0.0
15690,0.0
15691,0.0
15692,0.0
15693,0.0
15694,0.0
15695,0.0
15696,0.0
15697,0.0
15698,0.0
15699,0.0
15700,0.0
15701,0.0
15702,0.0
15703,0.0
15704,0.0
15705,0.0
15706,0.0
15707,0.0
15708,0.0
15709,0.0
15710,0.0
15711,0.0
15712,0.0
15713,0.0
15714,0.0
15715,0.0
15716,0.0
15717,0.0
15718,0.0
15719,0.0
15720,0.0
15721,0.0
15722,0.0
15723,0.0
15724,0.0
15725,0.0
15726,0.0
15727,0.0
15728,0.0
15729,0.0
15730,0.0
15731,0.0
15732,0.0
15733,0.0
15734,0.0
15735,0.0
15736,0.0
15737,0.0
15738,0.0
15739,0.0
15740,0.0
15741,0.0
15742,0.0
15743,0.0
15744,0.0
15745,0.0
15746,0.0
15747,0.0
15748,0.0
15749,0.0
15750,0.0
15751,0.0
15752,0.0
15753,0.0
15754,0.0
15755,0.0
15756,0.0
15757,0.0
15758,0.0
15759,0.0
15760,0.0
15761,0.0
15762,0.0
15763,0.0
15764,0.0
15765,0.0
15766,0.0
15767,0.0
15768,0.0
15769,0.0
15770,0.0
15771,0.0
15772,0.0
15773,0.0
15774,0.0
15775,0.0
15776,0.0
15777,0.0
15778,0.0
15779,0.0
15780,0.0
15781,0.0
15782,0.0
15783,0.0
15784,0.0
15785,0.0
15786,0.0
15787,0.0
15788,0.0
15789,0.0
15790,0.0
15791,0.0
15792,0.0
15793,0.0
15794,0.0
15795,0.0
15796,0.0
15797,0.0
15798,0.0
15799,0.0
15800,0.0
15801,0.0
15802,0.0
15803,0.0
15804,0.0
15805,0.0
15806,0.0
15807,0.0
15808,0.0
15809,0.0
15810,0.0
15811,0.0
15812,0.0
15813,0.0
15814,0.0
15815,0.0
15816,0.0
15817,0.0
15818,0.0
15819,0.0
15820,0.0
15821,0.0
15822,0.0
15823,0.0
15824,0.0
15825,0.0
15826,0.0
15827,0.0
15828,0.0
15829,0.0
15830,0.0
15831,0.0
15832,0.0
15833,0.0
15834,0.0
15835,0.0
15836,0.0
15837,0.0
15838,0.0
15839,0.0
15840,0.0
15841,0.0
15842,0.0
15843,0.0
15844,0.0
15845,0.0
15846,0.0
15847,0.0
15848,0.0
15849,0.0
15850,0.0
15851,0.0
15852,0.0
15853,0.0
15854,0.0
15855,0.0
15856,0.0
15857,0.0
15858,0.0
15859,0.0
15860,0.0
15861,0.0
15862,0.0
15863,0.0
15864,0.0
15865,0.0
15866,0.0
15867,0.0
15868,0.0
15869,0.0
15870,0.0
15871,0.0
15872,0.0
15873,0.0
15874,0.0
15875,0.0
15876,0.0
15877,0.0
15878,0.0
15879,0.0
15880,0.0
15881,0.0
15882,0.0
15883,0.0
15884,0.0
15885,0.0
15886,0.0
15887,0.0
15888,0.0
15889,0.0
15890,0.0
15891,0.0
15892,0.0
15893,0.0
15894,0.0
15895,0.0
15896,0.0
15897,0.0
15898,0.0
15899,0.0
15900,0.0
15901,0.0
15902,0.0
15903,0.0
15904,0.0
15905,0.0
15906,0.0
15907,0.0
15908,0.0
15909,0.0
15910,0.0
15911,0.0
15912,0.0
15913,0.0
15914,0.0
15915,0.0
15916,0.0
15917,0.0
15918,0.0
15919,0.0
15920,0.0
15921,0.0
15922,0.0
15923,0.0
15924,0.0
15925,0.0
15926,0.0
15927,0.0
15928,0.0
15929,0.0
15930,0.0
15931,0.0
15932,0.0
15933,0.0
15934,0.0
15935,0.0
15936,0.0
15937,0.0
15938,0.0
15939,0.0
15940,0.0
15941,0.0
15942,0.0
15943,0.0
15944,0.0
15945,0.0
15946,0.0
15947,0.0
15948,0.0
15949,0.0
15950,0.0
15951,0.0
15952,0.0
15953,0.0
15954,0.0
15955,0.0
15956,0.0
15957,0.0
15958,0.0
15959,0.0
15960,0.0
15961,0.0
15962,0.0
15963,0.0
15964,0.0
15965,0.0
15966,0.0
15967,0.0
15968,0.0
15969,0.0
15970,0.0
15971,0.0
15972,0.0
15973,0.0
15974,0.0
15975,0.0
15976,0.0
15977,0.0
15978,0.0
15979,0.0
15980,0.0
15981,0.0
15982,0.0
15983,0.0
15984,0.0
15985,0.0
15986,0.0
15987,0.0
15988,0.0
15989,0.0
15990,0.0
15991,0.0
15992,0.0
15993,0.0
15994,0.0
15995,0.0
15996,0.0
15997,0.0
15998,0.0
15999,0.0
16000,0.0
16001,0.0
16002,0.0
16003,0.0
16004,0.0
16005,0.0
16006,0.0
16007,0.0
16008,0.0
16009,0.0
16010,0.0
16011,0.0
16012,0.0
16013,0.0
16014,0.0
16015,0.0
16016,0.0
16017,0.0
16018,0.0
16019,0.0
16020,0.0
16021,0.0
16022,0.0
16023,0.0
16024,0.0
16025,0.0
16026,0.0
16027,0.0
16028,0.0
16029,0.0
16030,0.0
16031,0.0
16032,0.0
16033,0.0
16034,0.0
16035,0.0
16036,0.0
16037,0.0
16038,0.0
16039,0.0
16040,0.0
16041,0.0
16042,0.0
16043,0.0
16044,0.0
16045,0.0
16046,0.0
16047,0.0
16048,0.0
16049,0.0
16050,0.0
16051,0.0
16052,0.0
16053,0.0
16054,0.0
16055,0.0
16056,0.0
16057,0.0
16058,0.0
16059,0.0
16060,0.0
16061,0.0
16062,0.0
16063,0.0
16064,0.0
16065,0.0
16066,0.0
16067,0.0
16068,0.0
16069,0.0
16070,0.0
16071,0.0
16072,0.0
16073,0.0
16074,0.0
16075,0.0
16076,0.0
16077,0.0
16078,0.0
16079,0.0
16080,0.0
16081,0.0
16082,0.0
16083,0.0
16084,0.0
16085,0.0
16086,0.0
16087,0.0
16088,0.0
16089,0.0
16090,0.0
16091,0.0
16092,0.0
16093,0.0
16094,0.0
16095,0.0
16096,0.0
16097,0.0
16098,0.0
16099,0.0
16100,0.0
16101,0.0
16102,0.0
16103,0.0
16104,0.0
16105,0.0
16106,0.0
16107,0.0
16108,0.0
16109,0.0
16110,0.0
16111,0.0
16112,0.0
16113,0.0
16114,0.0
16115,0.0
16116,0.0
16117,0.0
16118,0.0
16119,0.0
16120,0.0
16121,0.0
16122,0.0
16123,0.0
16124,0.0
16125,0.0
16126,0.0
16127,0.0
16128,0.0
16129,0.0
16130,0.0
16131,0.0
16132,0.0
16133,0.0
16134,0.0
16135,0.0
16136,0.0
16137,0.0
16138,0.0
16139,0.0
16140,0.0
16141,0.0
16142,0.0
16143,0.0
16144,0.0
16145,0.0
16146,0.0
16147,0.0
16148,0.0
16149,0.0
16150,0.0
16151,0.0
16152,0.0
16153,0.0
16154,0.0
16155,0.0
16156,0.0
16157,0.0
16158,0.0
16159,0.0
16160,0.0
16161,0.0
16162,0.0
16163,0.0
16164,0.0
16165,0.0
16166,0.0
16167,0.0
16168,0.0
16169,0.0
16170,0.0
16171,0.0
16172,0.0
16173,0.0
16174,0.0
16175,0.0
16176,0.0
16177,0.0
16178,0.0
16179,0.0
16180,0.0
16181,0.0
16182,0.0
16183,0.0
16184,0.0
16185,0.0
16186,0.0
16187,0.0
16188,0.0
16189,0.0
16190,0.0
16191,0.0
16192,0.0
16193,0.0
16194,0.0
16195,0.0
16196,0.0
16197,0.0
16198,0.0
16199,0.0
16200,0.0
16201,0.0
16202,0.0
16203,0.0
16204,0.0
16205,0.0
16206,0.0
16207,0.0
16208,0.0
16209,0.0
16210,0.0
16211,0.0
16212,0.0
16213,0.0
16214,0.0
16215,0.0
16216,0.0
16217,0.0
16218,0.0
16219,0.0
16220,0.0
16221,0.0
16222,0.0
16223,0.0
16224,0.0
16225,0.0
16226,0.0
16227,0.0
16228,0.0
16229,0.0
16230,0.0
16231,0.0
16232,0.0
16233,0.0
16234,0.0
16235,0.0
16236,0.0
16237,0.0
16238,0.0
16239,0.0
16240,0.0
16241,0.0
16242,0.0
16243,0.0
16244,0.0
16245,0.0
16246,0.0
16247,0.0
16248,0.0
16249,0.0
16250,0.0
16251,0.0
16252,0.0
16253,0.0
16254,0.0
16255,0.0
16256,0.0
16257,0.0
16258,0.0
16259,0.0
16260,0.0
16261,0.0
16262,0.0
16263,0.0
16264,0.0
16265,0.0
16266,0.0
16267,0.0
16268,0.0
16269,0.0
16270,0.0
16271,0.0
16272,0.0
16273,0.0
16274,0.0
16275,0.0
16276,0.0
16277,0.0
16278,0.0
16279,0.0
16280,0.0
16281,0.0
16282,0.0
16283,0.0
16284,0.0
16285,0.0
16286,0.0
16287,0.0
16288,0.0
16289,0.0
16290,0.0
16291,0.0
16292,0.0
16293,0.0
16294,0.0
16295,0.0
16296,0.0
16297,0.0
16298,0.0
16299,0.0
16300,0.0
16301,0.0
16302,0.0
16303,0.0
16304,0.0
16305,0.0
16306,0.0
16307,0.0
16308,0.0
16309,0.0
16310,0.0
16311,0.0
16312,0.0
16313,0.0
16314,0.0
16315,0.0
16316,0.0
16317,0.0
16318,0.0
16319,0.0
16320,0.0
16321,0.0
16322,0.0
16323,0.0
16324,0.0
16325,0.0
16326,0.0
16327,0.0
16328,0.0
16329,0.0
16330,0.0
16331,0.0
16332,0.0
16333,0.0
16334,0.0
16335,0.0
16336,0.0
16337,0.0
16338,0.0
16339,0.0
16340,0.0
16341,0.0
16342,0.0
16343,0.0
16344,0.0
16345,0.0
16346,0.0
16347,0.0
16348,0.0
16349,0.0
16350,0.0
16351,0.0
16352,0.0
16353,0.0
16354,0.0
16355,0.0
16356,0.0
16357,0.0
16358,0.0
16359,0.0
16360,0.0
16361,0.0
16362,0.0
16363,0.0
16364,0.0
16365,0.0
16366,0.0
16367,0.0
16368,0.0
16369,0.0
16370,0.0
16371,0.0
16372,0.0
16373,0.0
16374,0.0
16375,0.0
16376,0.0
16377,0.0
16378,0.0
16379,0.0
16380,0.0
16381,0.0
16382,0.0
16383,0.0
16384,0.0
16385,0.0
16386,0.0
16387,0.0
16388,0.0
16389,0.0
16390,0.0
16391,0.0
16392,0.0
16393,0.0
16394,0.0
16395,0.0
16396,0.0
16397,0.0
16398,0.0
16399,0.0
16400,0.0
16401,0.0
16402,0.0
16403,0.0
16404,0.0
16405,0.0
16406,0.0
16407,0.0
16408,0.0
16409,0.0
16410,0.0
16411,0.0
16412,0.0
16413,0.0
16414,0.0
16415,0.0
16416,0.0
16417,0.0
16418,0.0
16419,0.0
16420,0.0
16421,0.0
16422,0.0
16423,0.0
16424,0.0
16425,0.0
16426,0.0
16427,0.0
16428,0.0
16429,0.0
16430,0.0
16431,0.0
16432,0.0
16433,0.0
16434,0.0
16435,0.0
16436,0.0
16437,0.0
16438,0.0
16439,0.0
16440,0.0
16441,0.0
16442,0.0
16443,0.0
16444,0.0
16445,0.0
16446,0.0
16447,0.0
16448,0.0
16449,0.0
16450,0.0
16451,0.0
16452,0.0
16453,0.0
16454,0.0
16455,0.0
16456,0.0
16457,0.0
16458,0.0
16459,0.0
16460,0.0
16461,0.0
16462,0.0
16463,0.0
16464,0.0
16465,0.0
16466,0.0
16467,0.0
16468,0.0
16469,0.0
16470,0.0
16471,0.0
16472,0.0
16473,0.0
16474,0.0
16475,0.0
16476,0.0
16477,0.0
16478,0.0
16479,0.0
16480,0.0
16481,0.0
16482,0.0
16483,0.0
16484,0.0
16485,0.0
16486,0.0
16487,0.0
16488,0.0
16489,0.0
16490,0.0
16491,1.0
16492,1.0
16493,0.0
16494,0.0
16495,1.0
16496,0.0
16497,0.0
16498,0.0
16499,0.0
16500,0.0
16501,0.0
16502,0.0
16503,0.0
16504,0.0
16505,0.0
16506,0.0
16507,0.0
16508,0.0
16509,0.0
16510,0.0
16511,0.0
16512,0.0
16513,0.0
16514,0.0
16515,0.0
16516,0.0
16517,0.0
16518,0.0
16519,0.0
16520,0.0
16521,0.0
16522,0.0
16523,0.0
16524,0.0
16525,0.0
16526,0.0
16527,0.0
16528,0.0
16529,0.0
16530,0.0
16531,0.0
16532,0.0
16533,0.0
16534,1.0
16535,1.0
16536,1.0
16537,0.0
16538,1.0
16539,1.0
16540,1.0
16541,1.0
16542,1.0
16543,1.0
16544,0.0
16545,0.0
16546,0.0
16547,0.0
16548,0.0
16549,0.0
16550,0.0
16551,0.0
16552,0.0
16553,0.0
16554,0.0
16555,0.0
16556,0.0
16557,1.0
16558,0.0
16559,1.0
16560,0.0
16561,0.0
16562,0.0
16563,0.0
16564,0.0
16565,0.0
16566,0.0
16567,0.0
16568,0.0
16569,0.0
16570,0.0
16571,0.0
16572,0.0
16573,0.0
16574,0.0
16575,0.0
16576,0.0
16577,0.0
16578,0.0
16579,0.0
16580,0.0
16581,0.0
16582,0.0
16583,0.0
16584,0.0
16585,0.0
16586,0.0
16587,0.0
16588,0.0
16589,0.0
16590,0.0
16591,0.0
16592,0.0
16593,0.0
16594,0.0
16595,0.0
16596,0.0
16597,0.0
16598,0.0
16599,0.0
16600,0.0
16601,0.0
16602,0.0
16603,0.0
16604,0.0
16605,0.0
16606,0.0
16607,0.0
16608,0.0
16609,0.0
16610,0.0
16611,0.0
16612,0.0
16613,0.0
16614,0.0
16615,0.0
16616,0.0
16617,0.0
16618,0.0
16619,0.0
16620,0.0
16621,0.0
16622,0.0
16623,0.0
16624,0.0
16625,0.0
16626,0.0
16627,0.0
16628,0.0
16629,0.0
16630,0.0
16631,0.0
16632,0.0
16633,0.0
16634,0.0
16635,0.0
16636,0.0
16637,0.0
16638,0.0
16639,0.0
16640,0.0
16641,0.0
16642,0.0
16643,0.0
16644,0.0
16645,0.0
16646,0.0
16647,0.0
16648,0.0
16649,0.0
16650,0.0
16651,0.0
16652,0.0
16653,0.0
16654,0.0
16655,0.0
16656,0.0
16657,0.0
16658,0.0
16659,0.0
16660,0.0
16661,0.0
16662,0.0
16663,0.0
16664,0.0
16665,0.0
16666,0.0
16667,1.0
16668,1.0
16669,1.0
16670,1.0
16671,0.0
16672,0.0
16673,1.0
16674,0.0
16675,0.0
16676,0.0
16677,0.0
16678,0.0
16679,0.0
16680,0.0
16681,0.0
16682,0.0
16683,0.0
16684,0.0
16685,0.0
16686,0.0
16687,0.0
16688,0.0
16689,0.0
16690,0.0
16691,0.0
16692,0.0
16693,0.0
16694,0.0
16695,0.0
16696,0.0
16697,0.0
16698,0.0
16699,0.0
16700,0.0
16701,0.0
16702,0.0
16703,0.0
16704,0.0
16705,0.0
16706,0.0
16707,0.0
16708,0.0
16709,0.0
16710,0.0
16711,0.0
16712,0.0
16713,0.0
16714,0.0
16715,0.0
16716,0.0
16717,0.0
16718,0.0
16719,0.0
16720,0.0
16721,0.0
16722,0.0
16723,0.0
16724,0.0
16725,0.0
16726,0.0
16727,0.0
16728,0.0
16729,0.0
16730,0.0
16731,0.0
16732,1.0
16733,1.0
16734,1.0
16735,0.0
16736,0.0
16737,0.0
16738,0.0
16739,0.0
16740,0.0
16741,0.0
16742,0.0
16743,0.0
16744,0.0
16745,0.0
16746,0.0
16747,0.0
16748,0.0
16749,0.0
16750,0.0
16751,0.0
16752,0.0
16753,0.0
16754,0.0
16755,0.0
16756,0.0
16757,0.0
16758,0.0
16759,0.0
16760,0.0
16761,0.0
16762,0.0
16763,0.0
16764,0.0
16765,1.0
16766,1.0
16767,0.0
16768,0.0
16769,0.0
16770,0.0
16771,1.0
16772,0.0
16773,0.0
16774,0.0
16775,0.0
16776,0.0
16777,0.0
16778,0.0
16779,0.0
16780,0.0
16781,0.0
16782,0.0
16783,0.0
16784,0.0
16785,0.0
16786,0.0
16787,0.0
16788,0.0
16789,0.0
16790,0.0
16791,0.0
16792,0.0
16793,0.0
16794,0.0
16795,0.0
16796,0.0
16797,0.0
16798,0.0
16799,0.0
16800,0.0
16801,0.0
16802,0.0
16803,0.0
16804,0.0
16805,0.0
16806,0.0
16807,0.0
16808,0.0
16809,0.0
16810,0.0
16811,0.0
16812,0.0
16813,0.0
16814,0.0
16815,0.0
16816,0.0
16817,0.0
16818,0.0
16819,0.0
16820,0.0
16821,0.0
16822,0.0
16823,0.0
16824,0.0
16825,0.0
16826,0.0
16827,0.0
16828,0.0
16829,0.0
16830,1.0
16831,0.0
16832,0.0
16833,0.0
16834,0.0
16835,1.0
16836,1.0
16837,0.0
16838,0.0
16839,0.0
16840,0.0
16841,0.0
16842,0.0
16843,0.0
16844,0.0
16845,0.0
16846,0.0
16847,0.0
16848,0.0
16849,0.0
16850,0.0
16851,0.0
16852,0.0
16853,0.0
16854,0.0
16855,0.0
16856,0.0
16857,0.0
16858,0.0
16859,0.0
16860,0.0
16861,0.0
16862,1.0
16863,1.0
16864,1.0
16865,0.0
16866,0.0
16867,0.0
16868,0.0
16869,0.0
16870,0.0
16871,0.0
16872,0.0
16873,0.0
16874,0.0
16875,0.0
16876,0.0
16877,0.0
16878,0.0
16879,0.0
16880,1.0
16881,0.0
16882,1.0
16883,0.0
16884,1.0
16885,0.0
16886,0.0
16887,0.0
16888,0.0
16889,0.0
16890,0.0
16891,0.0
16892,0.0
16893,0.0
16894,0.0
16895,0.0
16896,0.0
16897,0.0
16898,0.0
16899,0.0
16900,0.0
16901,0.0
16902,0.0
16903,0.0
16904,0.0
16905,0.0
16906,0.0
16907,0.0
16908,0.0
16909,0.0
16910,0.0
16911,0.0
16912,0.0
16913,0.0
16914,0.0
16915,0.0
16916,0.0
16917,0.0
16918,0.0
16919,0.0
16920,0.0
16921,0.0
16922,0.0
16923,1.0
16924,1.0
16925,1.0
16926,0.0
16927,1.0
16928,0.0
16929,0.0
16930,0.0
16931,0.0
16932,0.0
16933,0.0
16934,0.0
16935,0.0
16936,0.0
16937,0.0
16938,0.0
16939,0.0
16940,0.0
16941,0.0
16942,0.0
16943,0.0
16944,0.0
16945,0.0
16946,0.0
16947,0.0
16948,0.0
16949,0.0
16950,0.0
16951,0.0
16952,0.0
16953,0.0
16954,0.0
16955,0.0
16956,0.0
16957,0.0
16958,0.0
16959,0.0
16960,0.0
16961,0.0
16962,0.0
16963,0.0
16964,0.0
16965,0.0
16966,0.0
16967,0.0
16968,0.0
16969,0.0
16970,0.0
16971,0.0
16972,0.0
16973,0.0
16974,0.0
16975,0.0
16976,0.0
16977,0.0
16978,0.0
16979,0.0
16980,0.0
16981,0.0
16982,0.0
16983,0.0
16984,0.0
22489,0.0
22496,0.0
22497,0.0
22507,0.0
22508,0.0
22511,0.0
22516,0.0
22534,0.0
22541,0.0
22556,0.0
22570,0.0
22572,0.0
22595,0.0
22611,0.0
22625,0.0
22629,0.0
22646,0.0
22647,0.0
22652,1.0
22669,0.0
22678,0.0
22707,0.0
22719,0.0
22721,0.0
22723,0.0
22739,0.0
22760,0.0
22761,0.0
22774,0.0
22787,0.0
22790,0.0
22795,0.0
22803,0.0
22804,0.0
22809,0.0
22816,0.0
22819,0.0
22825,0.0
22827,0.0
22841,0.0
22843,0.0
22856,0.0
22862,0.0
22867,0.0
22874,0.0
22880,0.0
22883,0.0
22889,0.0
22899,0.0
22911,0.0
22917,0.0
22919,0.0
22922,0.0
22923,0.0
22935,0.0
22958,0.0
22962,0.0
22965,0.0
22968,0.0
22975,0.0
22986,0.0
22987,0.0
22988,0.0
22989,0.0
22990,0.0
22991,0.0
22992,0.0
22993,0.0
22994,0.0
22995,0.0
22996,0.0
22997,0.0
22998,0.0
22999,0.0
23000,0.0
23001,0.0
23002,0.0
23003,1.0
23004,0.0
23005,0.0
23006,0.0
23007,0.0
23008,0.0
23009,0.0
23010,0.0
23011,0.0
23012,0.0
23013,0.0
23014,0.0
23015,0.0
23016,0.0
23017,0.0
23018,0.0
23019,0.0
23020,0.0
23021,0.0
23022,0.0
23023,0.0
23024,0.0
23025,0.0
23026,0.0
23027,0.0
23028,0.0
23029,0.0
23030,0.0
23031,0.0
23032,0.0
23033,0.0
23034,0.0
23035,0.0
23036,0.0
23037,0.0
23038,0.0
23039,0.0
23040,0.0
23041,0.0
23042,0.0
23043,0.0
23044,0.0
23045,0.0
23046,0.0
23047,0.0
23048,0.0
23049,0.0
23050,0.0
23051,0.0
23052,0.0
23053,0.0
23054,0.0
23055,0.0
23056,0.0
23057,0.0
23058,0.0
23059,0.0
23060,0.0
23061,0.0
23062,0.0
23063,0.0
23064,0.0
23065,0.0
23066,0.0
23067,0.0
23068,0.0
23069,0.0
23070,0.0
23071,0.0
23072,0.0
23073,0.0
23074,0.0
23075,0.0
23076,0.0
23077,0.0
23078,0.0
23079,0.0
23080,0.0
23081,0.0
23082,0.0
23083,0.0
23084,0.0
23085,0.0
23086,0.0
23087,0.0
23088,0.0
23089,0.0
23090,0.0
23091,0.0
23092,0.0
23093,0.0
23094,0.0
23095,0.0
23096,0.0
23097,0.0
23098,0.0
23099,0.0
23100,0.0
23101,0.0
23102,0.0
23103,0.0
23104,0.0
23105,0.0
23106,0.0
23107,0.0
23108,0.0
23109,0.0
23110,0.0
23111,0.0
23112,0.0
23113,0.0
23114,0.0
23115,0.0
23116,0.0
23117,0.0
23118,0.0
23119,0.0
23120,0.0
23121,0.0
23122,0.0
23123,0.0
23124,0.0
23125,0.0
23126,0.0
23127,0.0
23128,0.0
23129,0.0
23130,0.0
23131,0.0
23132,0.0
23133,0.0
23134,0.0
23135,0.0
23136,0.0
23137,0.0
23138,0.0
23139,0.0
23140,0.0
23141,0.0
23142,0.0
23143,0.0
23144,0.0
23145,0.0
23146,0.0
23147,0.0
23148,0.0
23149,0.0
23150,0.0
23151,0.0
23152,0.0
23153,0.0
23154,0.0
23155,0.0
23156,0.0
23157,0.0
23158,0.0
23159,0.0
23160,0.0
23161,0.0
23162,0.0
23163,0.0
23164,0.0
23165,0.0
23166,0.0
23167,0.0
23168,0.0
23169,0.0
23170,0.0
23171,0.0
23172,0.0
23173,0.0
23174,0.0
23175,0.0
23176,0.0
23177,0.0
23178,0.0
23179,0.0
23180,0.0
23181,0.0
23182,0.0
23183,0.0
23184,0.0
23185,0.0
23186,0.0
23187,0.0
23188,0.0
23189,0.0
23190,0.0
23191,0.0
23192,0.0
23193,0.0
23194,0.0
23195,0.0
23196,0.0
23197,0.0
23198,0.0
23199,0.0
23200,0.0
23201,0.0
23202,0.0
23203,0.0
23204,0.0
23205,0.0
23206,0.0
23207,0.0
23208,0.0
23209,0.0
23210,0.0
23211,0.0
23212,0.0
23213,0.0
23214,0.0
23215,0.0
23216,0.0
23217,0.0
23218,0.0
23219,0.0
23220,0.0
23221,0.0
23222,0.0
23223,0.0
23224,0.0
23225,0.0
23226,0.0
23227,0.0
23228,0.0
23229,0.0
23230,0.0
23231,0.0
23232,0.0
23233,0.0
23234,0.0
23235,0.0
23236,0.0
23237,0.0
23238,0.0
23239,0.0
23240,0.0
23241,0.0
23242,0.0
23243,0.0
23244,0.0
23245,0.0
23246,0.0
23247,0.0
23248,0.0
23249,0.0
23250,0.0
23251,0.0
23252,0.0
23253,0.0
23254,0.0
23255,0.0
23256,0.0
23257,0.0
23258,0.0
23259,0.0
23260,0.0
23261,0.0
23262,0.0
23263,0.0
23264,0.0
23265,0.0
23266,0.0
23267,0.0
23268,0.0
23269,0.0
23270,0.0
23271,0.0
23272,0.0
23273,0.0
23274,0.0
23275,0.0
23276,0.0
23277,0.0
23278,0.0
23279,0.0
23280,0.0
23281,0.0
23282,0.0
23283,0.0
23284,0.0
23285,0.0
23286,0.0
23287,0.0
23288,0.0
23289,0.0
23290,0.0
23291,0.0
23292,0.0
23293,0.0
23294,0.0
23295,0.0
23296,0.0
23297,0.0
23298,0.0
23299,0.0
23300,0.0
23301,0.0
23302,0.0
23303,0.0
23304,0.0
23305,0.0
23306,0.0
23307,0.0
23308,0.0
23309,0.0
23310,0.0
23311,0.0
23312,0.0
23313,0.0
23314,0.0
23315,0.0
23316,0.0
23317,0.0
23318,0.0
23319,0.0
23320,0.0
23321,0.0
23322,0.0
23323,0.0
23324,0.0
23325,0.0
23326,0.0
23327,0.0
23328,0.0
23329,0.0
23330,0.0
23331,0.0
23332,0.0
23333,0.0
23334,0.0
23335,0.0
23336,0.0
23337,0.0
23338,0.0
23339,0.0
23340,0.0
23341,0.0
23342,0.0
23343,0.0
23344,0.0
23345,0.0
23346,0.0
23347,0.0
23348,0.0
23349,0.0
23350,0.0
23351,0.0
23352,0.0
23353,0.0
23354,0.0
23355,0.0
23356,0.0
23357,0.0
23358,0.0
23359,0.0
23360,0.0
23361,0.0
23362,0.0
23363,0.0
23364,0.0
23365,0.0
23366,0.0
23367,0.0
23368,0.0
23369,0.0
23370,0.0
23371,0.0
23372,0.0
23373,0.0
23374,0.0
23375,0.0
23376,0.0
23377,0.0
23378,0.0
23379,0.0
23380,0.0
23381,0.0
23382,0.0
23383,0.0
23384,0.0
23385,0.0
23386,0.0
23387,0.0
23388,0.0
23389,0.0
23390,0.0
23391,0.0
23392,0.0
23393,0.0
23394,0.0
23395,0.0
23396,0.0
23397,0.0
23398,0.0
23399,0.0
23400,0.0
23401,0.0
23402,0.0
23403,0.0
23404,0.0
23405,0.0
23406,0.0
23407,0.0
23408,0.0
23409,0.0
23410,0.0
23411,0.0
23412,0.0
23413,0.0
23414,0.0
23415,0.0
23416,0.0
23417,0.0
23418,0.0
23419,0.0
23420,0.0
23421,0.0
23422,0.0
23423,0.0
23424,0.0
23425,0.0
23426,0.0
23427,0.0
23428,0.0
23429,0.0
23430,0.0
23431,0.0
23432,0.0
23433,0.0
23434,0.0
23435,0.0
23436,0.0
23437,0.0
23438,0.0
23439,0.0
23440,0.0
23441,0.0
23442,0.0
23443,0.0
23444,0.0
23445,0.0
23446,0.0
23447,0.0
23448,0.0
23449,0.0
23450,0.0
23451,0.0
23452,0.0
23453,0.0
23454,0.0
23455,0.0
23456,0.0
23457,0.0
23458,0.0
23459,0.0
23460,0.0
23461,0.0
23462,0.0
23463,0.0
23464,0.0
23465,0.0
23466,0.0
23467,0.0
23468,0.0
23469,0.0
23470,0.0
23471,0.0
23472,0.0
23473,0.0
23474,0.0
23475,0.0
23476,0.0
23477,0.0
23478,0.0
23479,0.0
23480,0.0
23481,0.0
23482,0.0
23483,0.0
23484,0.0
23485,0.0
23486,0.0
23487,0.0
23488,0.0
23489,0.0
23490,0.0
23491,0.0
23492,0.0
23493,0.0
23494,0.0
23495,0.0
23496,0.0
23497,0.0
23498,0.0
23499,0.0
23500,0.0
23501,0.0
23502,0.0
23503,0.0
23504,0.0
23505,0.0
23506,0.0
23507,0.0
23508,0.0
23509,0.0
23510,0.0
23511,0.0
23512,0.0
23513,0.0
23514,0.0
23515,0.0
23516,0.0
23517,0.0
23518,0.0
23519,0.0
23520,0.0
23521,0.0
23522,0.0
23523,0.0
23524,0.0
23525,0.0
23526,0.0
23527,0.0
23528,0.0
23529,1.0
23530,1.0
23531,0.0
23532,0.0
23533,0.0
23534,0.0
23535,0.0
23536,0.0
23537,0.0
23538,0.0
23539,0.0
23540,0.0
23541,0.0
23542,0.0
23543,0.0
23544,0.0
23545,0.0
23546,0.0
23547,0.0
23548,0.0
23549,0.0
23550,0.0
23551,0.0
23552,0.0
23553,0.0
23554,0.0
23555,0.0
23556,0.0
23557,0.0
23558,0.0
23559,0.0
23560,0.0
23561,0.0
23562,0.0
23563,0.0
23564,0.0
23565,0.0
23566,0.0
23567,0.0
23568,0.0
23569,0.0
23570,0.0
23571,0.0
23572,0.0
23573,0.0
23574,0.0
23575,0.0
23576,0.0
23577,0.0
23578,0.0
23579,0.0
23580,0.0
23581,1.0
23582,0.0
23583,1.0
23584,0.0
23585,0.0
23586,0.0
23587,0.0
23588,0.0
23589,0.0
23590,0.0
23591,0.0
23592,0.0
23593,0.0
23594,0.0
23595,0.0
23596,0.0
23597,0.0
23598,0.0
23599,0.0
23600,0.0
23601,0.0
23602,0.0
23603,0.0
23604,0.0
23605,0.0
23606,0.0
23607,0.0
23608,0.0
23609,0.0
23610,0.0
23611,0.0
23612,0.0
23613,0.0
23614,0.0
23615,0.0
23616,0.0
23617,0.0
23618,0.0
23619,0.0
23620,0.0
23621,0.0
23622,0.0
23623,0.0
23624,0.0
23625,0.0
23626,0.0
23627,0.0
23628,0.0
23629,0.0
23630,1.0
23631,1.0
23632,1.0
23633,1.0
23634,1.0
23635,0.0
23636,0.0
23637,0.0
23638,0.0
23639,0.0
23640,0.0
23641,0.0
23642,0.0
23643,0.0
23644,0.0
23645,0.0
23646,0.0
23647,0.0
23648,0.0
23649,0.0
23650,0.0
23651,0.0
23652,0.0
23653,0.0
23654,0.0
23655,0.0
23656,0.0
23657,0.0
23658,0.0
23659,0.0
23660,0.0
23661,0.0
23662,0.0
23663,0.0
23664,0.0
23665,0.0
23666,0.0
23667,0.0
23668,0.0
23669,1.0
23670,0.0
23671,0.0
23672,0.0
23673,0.0
23674,0.0
23675,0.0
23676,0.0
23677,0.0
23678,0.0
23679,0.0
23680,0.0
23681,0.0
23682,0.0
23683,0.0
23684,0.0
23685,0.0
23686,0.0
23687,0.0
23688,0.0
23689,0.0
23690,0.0
23691,0.0
23692,0.0
23693,0.0
23694,0.0
23695,0.0
23696,0.0
23697,0.0
23698,0.0
23699,0.0
23700,0.0
23701,0.0
23702,0.0
23703,0.0
23704,0.0
23705,0.0
23706,0.0
23707,0.0
23708,0.0
23709,0.0
23710,0.0
23711,0.0
23712,0.0
23713,0.0
23714,0.0
23715,0.0
23716,0.0
23717,0.0
23718,0.0
23719,0.0
23720,0.0
23721,0.0
23722,0.0
23723,0.0
23724,0.0
23725,0.0
23726,0.0
23727,0.0
23728,0.0
23729,0.0
23730,0.0
23731,0.0
23732,0.0
23733,0.0
23734,0.0
23735,0.0
23736,0.0
23737,0.0
23738,0.0
23739,0.0
23740,0.0
23741,0.0
23742,0.0
23743,0.0
23744,0.0
23745,0.0
23746,0.0
23747,0.0
23748,0.0
23749,0.0
23750,0.0
23751,0.0
23752,0.0
23753,0.0
23754,0.0
23755,0.0
23756,0.0
23757,0.0
23758,0.0
23759,0.0
23760,1.0
23761,1.0
23762,0.0
23763,0.0
23764,0.0
23765,0.0
23766,0.0
23767,0.0
23768,0.0
23769,0.0
23770,0.0
23771,0.0
23772,0.0
23773,0.0
23774,0.0
23775,0.0
23776,0.0
23777,0.0
23778,0.0
23779,0.0
23780,0.0
23781,0.0
23782,0.0
23783,0.0
23784,0.0
23785,0.0
23786,0.0
23787,0.0
23788,0.0
23789,0.0
23790,0.0
23791,0.0
23792,0.0
23793,0.0
23794,0.0
23795,0.0
23796,0.0
23797,0.0
23798,0.0
23799,0.0
23800,0.0
23801,0.0
23802,0.0
23803,0.0
23804,0.0
23805,0.0
23806,0.0
23807,0.0
23808,0.0
23809,0.0
23810,0.0
23811,0.0
23812,0.0
23813,0.0
23814,0.0
23815,0.0
23816,0.0
23817,0.0
23818,0.0
23819,0.0
23820,0.0
23821,0.0
23822,0.0
23823,0.0
23824,0.0
23825,0.0
23826,0.0
23827,0.0
23828,0.0
23829,0.0
23830,0.0
23831,0.0
23832,0.0
23833,0.0
23834,0.0
23835,0.0
23836,0.0
23837,0.0
23838,0.0
23839,0.0
23840,0.0
23841,0.0
23842,0.0
23843,0.0
23844,0.0
23845,0.0
23846,0.0
23847,0.0
23848,0.0
23849,0.0
23850,0.0
23851,0.0
23852,0.0
23853,0.0
23854,0.0
23855,0.0
23856,0.0
23857,0.0
23858,0.0
23859,0.0
23860,0.0
23861,0.0
23862,0.0
23863,0.0
23864,0.0
23865,0.0
23866,0.0
23867,0.0
23868,0.0
23869,0.0
23870,0.0
23871,0.0
23872,0.0
23873,0.0
23874,0.0
23875,0.0
23876,0.0
23877,0.0
23878,0.0
23879,0.0
23880,0.0
23881,0.0
23882,0.0
23883,0.0
23884,0.0
23885,0.0
23886,0.0
23887,0.0
23888,0.0
23889,0.0
23890,0.0
23891,0.0
23892,0.0
23893,0.0
23894,0.0
23895,0.0
23896,0.0
23897,0.0
23898,0.0
23899,0.0
23900,0.0
23901,0.0
23902,0.0
23903,0.0
23904,0.0
23905,0.0
23906,0.0
23907,0.0
23908,0.0
23909,0.0
23910,0.0
23911,0.0
23912,0.0
23913,0.0
23914,0.0
23915,0.0
23916,0.0
23917,0.0
23918,0.0
23919,0.0
23920,0.0
23921,0.0
23922,0.0
23923,0.0
23924,0.0
23925,0.0
23926,0.0
23927,0.0
23928,0.0
23929,0.0
23930,0.0
23931,0.0
23932,0.0
23933,0.0
23934,0.0
23935,0.0
23936,0.0
23937,0.0
23938,0.0
23939,0.0
23940,0.0
23941,0.0
23942,0.0
23943,0.0
23944,0.0
23945,0.0
23946,0.0
23947,0.0
23948,0.0
23949,0.0
23950,0.0
23951,0.0
23952,0.0
23953,0.0
23954,0.0
23955,0.0
23956,0.0
23957,0.0
23958,0.0
23959,0.0
23960,0.0
23961,0.0
23962,0.0
23963,0.0
23964,0.0
23965,0.0
23966,0.0
23967,0.0
23968,0.0
23969,0.0
23970,0.0
23971,0.0
23972,0.0
23973,0.0
23974,0.0
23975,0.0
23976,0.0
23977,0.0
23978,0.0
23979,0.0
23980,0.0
23981,0.0
23982,0.0
23983,0.0
23984,0.0
23985,0.0
23986,0.0
23987,0.0
23988,0.0
23989,0.0
23990,0.0
23991,0.0
23992,0.0
23993,0.0
23994,0.0
23995,0.0
23996,0.0
23997,0.0
23998,0.0
23999,0.0
24000,0.0
24001,0.0
24002,0.0
24003,0.0
24004,0.0
24005,0.0
24006,0.0
24007,0.0
24008,0.0
24009,0.0
24010,0.0
24011,0.0
24012,0.0
24013,0.0
24014,0.0
24015,0.0
24016,0.0
24017,0.0
24018,0.0
24019,0.0
24020,0.0
24021,0.0
24022,0.0
24023,0.0
24024,0.0
24025,0.0
24026,0.0
24027,0.0
24028,0.0
24029,0.0
24030,0.0
24031,0.0
24032,0.0
24033,0.0
24034,0.0
24035,0.0
24036,0.0
24037,0.0
24038,0.0
24039,0.0
24040,0.0
24041,0.0
24042,0.0
24043,0.0
24044,0.0
24045,0.0
24046,0.0
24047,0.0
24048,0.0
24049,0.0
24050,0.0
24051,0.0
24052,0.0
24053,0.0
24054,0.0
24055,0.0
24056,0.0
24057,0.0
24058,0.0
24059,0.0
24060,0.0
24061,0.0
24062,1.0
24063,1.0
24064,1.0
24065,0.0
24066,0.0
24067,0.0
24068,0.0
24069,0.0
24070,0.0
24071,0.0
24072,0.0
24073,0.0
24074,0.0
24075,0.0
24076,0.0
24077,0.0
24078,0.0
24079,0.0
24080,0.0
24081,0.0
24082,0.0
24083,0.0
24084,0.0
24085,0.0
24086,0.0
24087,0.0
24088,0.0
24089,0.0
24090,0.0
24091,0.0
24092,0.0
24093,0.0
24094,0.0
24095,0.0
24096,0.0
24097,0.0
24098,0.0
24099,0.0
24100,0.0
24101,0.0
24102,0.0
24103,0.0
24104,0.0
24105,0.0
24106,0.0
24107,0.0
24108,0.0
24109,0.0
24110,0.0
24111,0.0
24112,0.0
24113,0.0
24114,0.0
24115,0.0
24116,0.0
24117,0.0
24118,0.0
24119,0.0
24120,0.0
24121,0.0
24122,0.0
24123,0.0
24124,0.0
24125,0.0
24126,0.0
24127,0.0
24128,0.0
24129,0.0
24130,0.0
24131,0.0
24132,0.0
24133,0.0
24134,0.0
24135,0.0
24136,0.0
24137,0.0
24138,0.0
24139,0.0
24140,0.0
24141,0.0
24142,0.0
24143,0.0
24144,0.0
24145,0.0
24146,0.0
24147,0.0
24148,0.0
24149,0.0
24150,0.0
24151,0.0
24152,0.0
24153,0.0
24154,0.0
24155,0.0
24156,0.0
24157,0.0
24158,0.0
24159,0.0
24160,0.0
24161,0.0
24162,0.0
24163,0.0
24164,0.0
24165,0.0
24166,0.0
24167,0.0
24168,0.0
24169,0.0
24170,0.0
24171,0.0
24172,0.0
24173,0.0
24174,1.0
24175,0.0
24176,0.0
24177,0.0
24178,1.0
24179,1.0
24180,1.0
24181,1.0
24182,0.0
24183,0.0
24184,0.0
24185,0.0
24186,0.0
24187,0.0
24188,0.0
24189,0.0
24190,0.0
24191,0.0
24192,0.0
24193,0.0
24194,0.0
24195,0.0
24196,0.0
24197,0.0
24198,0.0
24199,0.0
24200,0.0
24201,0.0
24202,0.0
24203,0.0
24204,0.0
24205,0.0
24206,0.0
24207,0.0
24208,0.0
24209,0.0
24210,0.0
24211,0.0
24212,0.0
24213,0.0
24214,0.0
24215,0.0
24216,0.0
24217,0.0
24218,0.0
24219,1.0
24220,1.0
24221,1.0
24222,1.0
24223,1.0
24224,1.0
24225,0.0
24226,0.0
24227,1.0
24228,0.0
24229,0.0
24230,0.0
24231,0.0
24232,0.0
24233,0.0
24234,0.0
24235,0.0
24236,0.0
24237,0.0
24238,0.0
24239,0.0
24240,0.0
24241,0.0
24242,0.0
24243,0.0
24244,0.0
24245,0.0
24246,0.0
24247,0.0
24248,0.0
24249,0.0
24250,0.0
24251,0.0
24252,0.0
24253,0.0
24254,0.0
24255,0.0
24256,0.0
24257,0.0
24258,0.0
24259,0.0
24260,0.0
24261,0.0
24262,0.0
24263,0.0
24264,0.0
24265,0.0
24266,0.0
24267,0.0
24268,0.0
24269,0.0
24270,0.0
24271,0.0
24272,0.0
24273,0.0
24274,0.0
24275,0.0
24276,0.0
24277,0.0
24278,0.0
24279,0.0
24280,0.0
24281,0.0
24282,0.0
24283,0.0
24284,0.0
24285,0.0
24286,0.0
24287,0.0
24288,0.0
24289,0.0
24290,0.0
24291,0.0
24292,0.0
24293,0.0
24294,0.0
24295,0.0
24296,0.0
24297,0.0
24298,0.0
24299,0.0
24300,0.0
24301,0.0
24302,0.0
24303,0.0
24304,0.0
24305,0.0
24306,0.0
24307,0.0
24308,0.0
24309,0.0
24310,0.0
24311,0.0
24312,0.0
24313,0.0
24314,1.0
24315,0.0
24316,0.0
24317,0.0
24318,0.0
24319,0.0
24320,0.0
24321,0.0
24322,0.0
24323,0.0
24324,0.0
24325,0.0
24326,0.0
24327,0.0
24328,0.0
24329,0.0
24330,0.0
24331,0.0
24332,0.0
24333,0.0
24334,0.0
24335,0.0
24336,0.0
24337,0.0
24338,0.0
24339,0.0
24340,0.0
24341,0.0
24342,0.0
24343,0.0
24344,0.0
24345,0.0
24346,0.0
24347,0.0
24348,0.0
24349,0.0
24350,0.0
24351,0.0
24352,0.0
24353,0.0
24354,0.0
24355,0.0
24356,0.0
24357,0.0
24358,0.0
24359,0.0
24360,0.0
24361,0.0
24362,0.0
24363,0.0
24364,0.0
24365,0.0
24366,0.0
24367,0.0
24368,0.0
24369,0.0
24370,0.0
24371,0.0
24372,0.0
24373,1.0
24374,1.0
24375,1.0
24376,1.0
24377,1.0
24378,0.0
24379,0.0
24380,0.0
24381,0.0
24382,0.0
24383,0.0
24384,0.0
24385,0.0
24386,0.0
24387,0.0
24388,0.0
24389,0.0
24390,0.0
24391,0.0
24392,0.0
24393,0.0
24394,0.0
24395,0.0
24396,0.0
24397,0.0
24398,0.0
24399,0.0
24400,0.0
24401,0.0
24402,0.0
24403,0.0
24404,0.0
24405,0.0
24406,0.0
24407,0.0
24408,0.0
24409,0.0
24410,1.0
24411,0.0
24412,0.0
24413,0.0
24414,0.0
24415,1.0
24416,1.0
24417,1.0
24418,1.0
24419,1.0
24420,0.0
24421,0.0
24422,0.0
24423,0.0
24424,0.0
24425,0.0
24426,0.0
24427,0.0
24428,0.0
24429,0.0
24430,0.0
24431,0.0
24432,0.0
24433,0.0
24434,0.0
24435,0.0
24436,0.0
24437,0.0
24438,0.0
24439,0.0
24440,0.0
24441,0.0
24442,0.0
24443,0.0
24444,0.0
24445,0.0
24446,0.0
24447,0.0
24448,0.0
24449,0.0
24450,0.0
24451,0.0
24452,0.0
24453,0.0
24454,0.0
24455,0.0
24456,0.0
24457,0.0
24458,0.0
24459,0.0
24460,0.0
24461,0.0
24462,0.0
24463,0.0
24464,0.0
24465,0.0
24466,0.0
24467,0.0
24468,0.0
24469,0.0
24470,0.0
24471,0.0
24472,0.0
24473,0.0
24474,0.0
24475,0.0
30984,0.0
30991,0.0
30992,0.0
31002,0.0
31003,0.0
31006,0.0
31011,0.0
31029,0.0
31036,0.0
31051,0.0
31065,0.0
31067,0.0
31090,0.0
31106,0.0
31120,0.0
31124,0.0
31141,0.0
31142,0.0
31147,0.0
31164,0.0
31173,0.0
31202,0.0
31214,1.0
31216,0.0
31218,0.0
31234,0.0
31255,0.0
31256,0.0
31269,0.0
31282,0.0
31285,0.0
31290,0.0
31298,0.0
31299,0.0
31304,0.0
31311,0.0
31314,0.0
31320,0.0
31322,0.0
31336,0.0
31338,0.0
31351,0.0
31357,0.0
31362,0.0
31369,0.0
31375,0.0
31378,0.0
31384,0.0
31394,0.0
31406,0.0
31412,0.0
31414,0.0
31417,0.0
31418,0.0
31430,0.0
31453,0.0
31457,0.0
31460,0.0
31463,0.0
31470,0.0
31481,0.0
31482,1.0
31483,1.0
31484,0.0
31485,0.0
31486,0.0
31487,0.0
31488,0.0
31489,0.0
31490,0.0
31491,0.0
31492,0.0
31493,0.0
31494,0.0
31495,0.0
31496,0.0
31497,0.0
31498,0.0
31499,0.0
31500,0.0
31501,0.0
31502,0.0
31503,0.0
31504,0.0
31505,0.0
31506,0.0
31507,0.0
31508,0.0
31509,0.0
31510,0.0
31511,0.0
31512,0.0
31513,0.0
31514,0.0
31515,0.0
31516,0.0
31517,0.0
31518,0.0
31519,0.0
31520,0.0
31521,0.0
31522,0.0
31523,0.0
31524,0.0
31525,0.0
31526,0.0
31527,0.0
31528,0.0
31529,0.0
31530,0.0
31531,0.0
31532,0.0
31533,0.0
31534,0.0
31535,0.0
31536,0.0
31537,0.0
31538,0.0
31539,0.0
31540,0.0
31541,0.0
31542,0.0
31543,0.0
31544,0.0
31545,0.0
31546,0.0
31547,0.0
31548,0.0
31549,0.0
31550,0.0
31551,0.0
31552,0.0
31553,0.0
31554,0.0
31555,0.0
31556,0.0
31557,0.0
31558,0.0
31559,0.0
31560,0.0
31561,0.0
31562,0.0
31563,0.0
31564,0.0
31565,0.0
31566,0.0
31567,0.0
31568,0.0
31569,0.0
31570,0.0
31571,0.0
31572,0.0
31573,0.0
31574,0.0
31575,0.0
31576,0.0
31577,0.0
31578,0.0
31579,0.0
31580,0.0
31581,0.0
31582,0.0
31583,0.0
31584,0.0
31585,0.0
31586,0.0
31587,0.0
31588,0.0
31589,0.0
31590,0.0
31591,0.0
31592,0.0
31593,0.0
31594,0.0
31595,0.0
31596,0.0
31597,0.0
31598,0.0
31599,0.0
31600,0.0
31601,0.0
31602,0.0
31603,0.0
31604,0.0
31605,0.0
31606,0.0
31607,0.0
31608,0.0
31609,0.0
31610,0.0
31611,0.0
31612,0.0
31613,0.0
31614,0.0
31615,0.0
31616,0.0
31617,0.0
31618,0.0
31619,0.0
31620,0.0
31621,0.0
31622,0.0
31623,0.0
31624,0.0
31625,0.0
31626,0.0
31627,0.0
31628,0.0
31629,0.0
31630,0.0
31631,0.0
31632,0.0
31633,0.0
31634,0.0
31635,0.0
31636,0.0
31637,0.0
31638,0.0
31639,0.0
31640,0.0
31641,0.0
31642,0.0
31643,0.0
31644,0.0
31645,0.0
31646,0.0
31647,0.0
31648,0.0
31649,0.0
31650,0.0
31651,0.0
31652,0.0
31653,0.0
31654,0.0
31655,0.0
31656,0.0
31657,0.0
31658,0.0
31659,0.0
31660,0.0
31661,0.0
31662,0.0
31663,0.0
31664,0.0
31665,0.0
31666,0.0
31667,0.0
31668,0.0
31669,0.0
31670,0.0
31671,0.0
31672,0.0
31673,0.0
31674,0.0
31675,0.0
31676,0.0
31677,0.0
31678,0.0
31679,0.0
31680,0.0
31681,0.0
31682,0.0
31683,0.0
31684,0.0
31685,0.0
31686,0.0
31687,0.0
31688,0.0
31689,0.0
31690,0.0
31691,0.0
31692,0.0
31693,0.0
31694,0.0
31695,0.0
31696,0.0
31697,0.0
31698,0.0
31699,0.0
31700,0.0
31701,0.0
31702,0.0
31703,0.0
31704,0.0
31705,0.0
31706,0.0
31707,0.0
31708,0.0
31709,0.0
31710,0.0
31711,0.0
31712,0.0
31713,0.0
31714,0.0
31715,0.0
31716,0.0
31717,0.0
31718,0.0
31719,0.0
31720,0.0
31721,0.0
31722,0.0
31723,0.0
31724,0.0
31725,0.0
31726,0.0
31727,0.0
31728,0.0
31729,0.0
31730,0.0
31731,0.0
31732,0.0
31733,0.0
31734,0.0
31735,0.0
31736,0.0
31737,0.0
31738,0.0
31739,0.0
31740,0.0
31741,0.0
31742,0.0
31743,0.0
31744,0.0
31745,0.0
31746,0.0
31747,0.0
31748,0.0
31749,0.0
31750,0.0
31751,0.0
31752,0.0
31753,0.0
31754,0.0
31755,0.0
31756,0.0
31757,0.0
31758,0.0
31759,0.0
31760,0.0
31761,0.0
31762,0.0
31763,0.0
31764,0.0
31765,0.0
31766,0.0
31767,0.0
31768,0.0
31769,0.0
31770,0.0
31771,0.0
31772,0.0
31773,0.0
31774,0.0
31775,0.0
31776,0.0
31777,0.0
31778,0.0
31779,0.0
31780,0.0
31781,0.0
31782,0.0
31783,0.0
31784,0.0
31785,0.0
31786,0.0
31787,0.0
31788,0.0
31789,0.0
31790,0.0
31791,0.0
31792,0.0
31793,0.0
31794,0.0
31795,0.0
31796,0.0
31797,0.0
31798,0.0
31799,0.0
31800,0.0
31801,0.0
31802,0.0
31803,0.0
31804,0.0
31805,0.0
31806,0.0
31807,0.0
31808,0.0
31809,0.0
31810,0.0
31811,0.0
31812,0.0
31813,0.0
31814,0.0
31815,0.0
31816,0.0
31817,0.0
31818,0.0
31819,0.0
31820,0.0
31821,0.0
31822,0.0
31823,0.0
31824,0.0
31825,0.0
31826,0.0
31827,0.0
31828,0.0
31829,0.0
31830,0.0
31831,0.0
31832,0.0
31833,0.0
31834,0.0
31835,0.0
31836,0.0
31837,0.0
31838,0.0
31839,0.0
31840,0.0
31841,0.0
31842,0.0
31843,0.0
31844,0.0
31845,0.0
31846,0.0
31847,0.0
31848,0.0
31849,0.0
31850,0.0
31851,0.0
31852,0.0
31853,0.0
31854,0.0
31855,0.0
31856,0.0
31857,0.0
31858,0.0
31859,0.0
31860,0.0
31861,0.0
31862,0.0
31863,0.0
31864,0.0
31865,0.0
31866,0.0
31867,0.0
31868,0.0
31869,0.0
31870,0.0
31871,0.0
31872,0.0
31873,0.0
31874,0.0
31875,0.0
31876,0.0
31877,0.0
31878,0.0
31879,0.0
31880,0.0
31881,0.0
31882,0.0
31883,0.0
31884,0.0
31885,0.0
31886,0.0
31887,0.0
31888,0.0
31889,0.0
31890,0.0
31891,0.0
31892,0.0
31893,0.0
31894,0.0
31895,0.0
31896,1.0
31897,0.0
31898,0.0
31899,0.0
31900,0.0
31901,0.0
31902,0.0
31903,0.0
31904,0.0
31905,0.0
31906,0.0
31907,0.0
31908,0.0
31909,0.0
31910,0.0
31911,0.0
31912,0.0
31913,0.0
31914,0.0
31915,0.0
31916,0.0
31917,0.0
31918,0.0
31919,0.0
31920,0.0
31921,0.0
31922,1.0
31923,0.0
31924,1.0
31925,0.0
31926,0.0
31927,0.0
31928,0.0
31929,0.0
31930,0.0
31931,0.0
31932,0.0
31933,0.0
31934,0.0
31935,0.0
31936,0.0
31937,0.0
31938,0.0
31939,0.0
31940,0.0
31941,0.0
31942,0.0
31943,0.0
31944,0.0
31945,0.0
31946,0.0
31947,0.0
31948,0.0
31949,0.0
31950,0.0
31951,0.0
31952,0.0
31953,0.0
31954,0.0
31955,0.0
31956,0.0
31957,0.0
31958,0.0
31959,0.0
31960,1.0
31961,0.0
31962,0.0
31963,0.0
31964,0.0
31965,0.0
31966,0.0
31967,0.0
31968,0.0
31969,0.0
31970,0.0
31971,0.0
31972,0.0
31973,0.0
31974,0.0
31975,0.0
31976,0.0
31977,0.0
31978,0.0
31979,0.0
31980,0.0
31981,0.0
31982,0.0
31983,0.0
31984,0.0
31985,0.0
31986,0.0
31987,0.0
31988,0.0
31989,0.0
31990,0.0
31991,0.0
31992,0.0
31993,0.0
31994,0.0
31995,0.0
31996,0.0
31997,0.0
31998,0.0
31999,0.0
32000,0.0
32001,0.0
32002,0.0
32003,0.0
32004,0.0
32005,0.0
32006,0.0
32007,0.0
32008,0.0
32009,0.0
32010,0.0
32011,0.0
32012,0.0
32013,0.0
32014,0.0
32015,0.0
32016,0.0
32017,0.0
32018,0.0
32019,0.0
32020,0.0
32021,0.0
32022,0.0
32023,0.0
32024,0.0
32025,0.0
32026,0.0
32027,0.0
32028,0.0
32029,0.0
32030,0.0
32031,0.0
32032,0.0
32033,0.0
32034,0.0
32035,0.0
32036,0.0
32037,0.0
32038,0.0
32039,0.0
32040,0.0
32041,0.0
32042,0.0
32043,0.0
32044,0.0
32045,0.0
32046,0.0
32047,0.0
32048,0.0
32049,0.0
32050,0.0
32051,0.0
32052,0.0
32053,0.0
32054,0.0
32055,0.0
32056,0.0
32057,0.0
32058,0.0
32059,0.0
32060,0.0
32061,0.0
32062,0.0
32063,0.0
32064,0.0
32065,0.0
32066,0.0
32067,0.0
32068,0.0
32069,0.0
32070,0.0
32071,0.0
32072,0.0
32073,0.0
32074,0.0
32075,0.0
32076,0.0
32077,0.0
32078,0.0
32079,0.0
32080,0.0
32081,0.0
32082,0.0
32083,0.0
32084,0.0
32085,0.0
32086,0.0
32087,0.0
32088,0.0
32089,0.0
32090,0.0
32091,0.0
32092,0.0
32093,0.0
32094,0.0
32095,0.0
32096,0.0
32097,0.0
32098,0.0
32099,0.0
32100,0.0
32101,0.0
32102,0.0
32103,0.0
32104,0.0
32105,0.0
32106,0.0
32107,0.0
32108,0.0
32109,0.0
32110,0.0
32111,0.0
32112,0.0
32113,0.0
32114,0.0
32115,0.0
32116,0.0
32117,0.0
32118,0.0
32119,0.0
32120,0.0
32121,0.0
32122,0.0
32123,0.0
32124,0.0
32125,0.0
32126,0.0
32127,0.0
32128,0.0
32129,0.0
32130,0.0
32131,0.0
32132,0.0
32133,0.0
32134,0.0
32135,0.0
32136,0.0
32137,0.0
32138,0.0
32139,0.0
32140,0.0
32141,0.0
32142,0.0
32143,0.0
32144,0.0
32145,0.0
32146,0.0
32147,0.0
32148,0.0
32149,0.0
32150,0.0
32151,0.0
32152,0.0
32153,0.0
32154,0.0
32155,0.0
32156,0.0
32157,0.0
32158,0.0
32159,0.0
32160,0.0
32161,0.0
32162,0.0
32163,0.0
32164,0.0
32165,0.0
32166,0.0
32167,0.0
32168,0.0
32169,0.0
32170,0.0
32171,0.0
32172,0.0
32173,0.0
32174,0.0
32175,0.0
32176,0.0
32177,0.0
32178,0.0
32179,0.0
32180,0.0
32181,0.0
32182,0.0
32183,0.0
32184,0.0
32185,0.0
32186,0.0
32187,0.0
32188,0.0
32189,0.0
32190,0.0
32191,0.0
32192,0.0
32193,0.0
32194,0.0
32195,0.0
32196,0.0
32197,0.0
32198,0.0
32199,0.0
32200,0.0
32201,0.0
32202,0.0
32203,0.0
32204,0.0
32205,0.0
32206,0.0
32207,0.0
32208,0.0
32209,0.0
32210,0.0
32211,0.0
32212,0.0
32213,0.0
32214,0.0
32215,0.0
32216,0.0
32217,0.0
32218,0.0
32219,0.0
32220,0.0
32221,0.0
32222,0.0
32223,0.0
32224,0.0
32225,0.0
32226,0.0
32227,0.0
32228,0.0
32229,0.0
32230,0.0
32231,0.0
32232,0.0
32233,0.0
32234,0.0
32235,0.0
32236,0.0
32237,0.0
32238,0.0
32239,0.0
32240,0.0
32241,0.0
32242,0.0
32243,0.0
32244,0.0
32245,0.0
32246,0.0
32247,0.0
32248,0.0
32249,0.0
32250,0.0
32251,0.0
32252,0.0
32253,0.0
32254,0.0
32255,0.0
32256,0.0
32257,0.0
32258,0.0
32259,0.0
32260,0.0
32261,0.0
32262,0.0
32263,0.0
32264,0.0
32265,0.0
32266,0.0
32267,0.0
32268,0.0
32269,0.0
32270,0.0
32271,0.0
32272,0.0
32273,0.0
32274,0.0
32275,0.0
32276,0.0
32277,0.0
32278,0.0
32279,0.0
32280,0.0
32281,0.0
32282,0.0
32283,0.0
32284,0.0
32285,0.0
32286,0.0
32287,0.0
32288,0.0
32289,0.0
32290,0.0
32291,0.0
32292,0.0
32293,0.0
32294,0.0
32295,0.0
32296,0.0
32297,0.0
32298,0.0
32299,0.0
32300,0.0
32301,0.0
32302,0.0
32303,0.0
32304,0.0
32305,0.0
32306,0.0
32307,0.0
32308,0.0
32309,0.0
32310,0.0
32311,0.0
32312,0.0
32313,0.0
32314,0.0
32315,0.0
32316,0.0
32317,0.0
32318,0.0
32319,0.0
32320,0.0
32321,0.0
32322,0.0
32323,0.0
32324,0.0
32325,0.0
32326,0.0
32327,0.0
32328,0.0
32329,0.0
32330,0.0
32331,0.0
32332,0.0
32333,0.0
32334,0.0
32335,0.0
32336,0.0
32337,0.0
32338,0.0
32339,0.0
32340,0.0
32341,0.0
32342,0.0
32343,0.0
32344,0.0
32345,0.0
32346,0.0
32347,0.0
32348,0.0
32349,0.0
32350,0.0
32351,0.0
32352,0.0
32353,0.0
32354,0.0
32355,0.0
32356,0.0
32357,0.0
32358,0.0
32359,0.0
32360,0.0
32361,0.0
32362,0.0
32363,0.0
32364,0.0
32365,0.0
32366,0.0
32367,0.0
32368,0.0
32369,0.0
32370,0.0
32371,0.0
32372,0.0
32373,0.0
32374,0.0
32375,0.0
32376,0.0
32377,0.0
32378,0.0
32379,0.0
32380,0.0
32381,0.0
32382,0.0
32383,0.0
32384,0.0
32385,0.0
32386,0.0
32387,0.0
32388,0.0
32389,0.0
32390,0.0
32391,0.0
32392,0.0
32393,0.0
32394,0.0
32395,0.0
32396,0.0
32397,0.0
32398,0.0
32399,0.0
32400,0.0
32401,0.0
32402,0.0
32403,0.0
32404,0.0
32405,0.0
32406,1.0
32407,1.0
32408,1.0
32409,0.0
32410,0.0
32411,0.0
32412,0.0
32413,0.0
32414,0.0
32415,0.0
32416,0.0
32417,0.0
32418,0.0
32419,0.0
32420,0.0
32421,1.0
32422,0.0
32423,1.0
32424,0.0
32425,0.0
32426,0.0
32427,0.0
32428,0.0
32429,0.0
32430,0.0
32431,0.0
32432,0.0
32433,0.0
32434,0.0
32435,0.0
32436,0.0
32437,0.0
32438,0.0
32439,0.0
32440,0.0
32441,0.0
32442,0.0
32443,0.0
32444,0.0
32445,0.0
32446,0.0
32447,0.0
32448,0.0
32449,0.0
32450,0.0
32451,0.0
32452,0.0
32453,0.0
32454,0.0
32455,0.0
32456,0.0
32457,0.0
32458,0.0
32459,0.0
32460,0.0
32461,0.0
32462,0.0
32463,0.0
32464,0.0
32465,0.0
32466,0.0
32467,0.0
32468,0.0
32469,0.0
32470,0.0
32471,0.0
32472,1.0
32473,1.0
32474,0.0
32475,0.0
32476,1.0
32477,1.0
32478,1.0
32479,0.0
32480,0.0
32481,0.0
32482,0.0
32483,0.0
32484,0.0
32485,0.0
32486,0.0
32487,0.0
32488,0.0
32489,0.0
32490,0.0
32491,0.0
32492,0.0
32493,0.0
32494,0.0
32495,0.0
32496,0.0
32497,0.0
32498,0.0
32499,0.0
32500,0.0
32501,0.0
32502,0.0
32503,0.0
32504,0.0
32505,0.0
32506,0.0
32507,0.0
32508,0.0
32509,0.0
32510,0.0
32511,0.0
32512,0.0
32513,0.0
32514,0.0
32515,0.0
32516,0.0
32517,0.0
32518,0.0
32519,0.0
32520,0.0
32521,0.0
32522,0.0
32523,0.0
32524,0.0
32525,0.0
32526,0.0
32527,0.0
32528,0.0
32529,0.0
32530,0.0
32531,0.0
32532,0.0
32533,0.0
32534,0.0
32535,0.0
32536,0.0
32537,0.0
32538,0.0
32539,0.0
32540,1.0
32541,0.0
32542,0.0
32543,1.0
32544,0.0
32545,1.0
32546,1.0
32547,1.0
32548,0.0
32549,0.0
32550,0.0
32551,0.0
32552,0.0
32553,0.0
32554,0.0
32555,0.0
32556,0.0
32557,0.0
32558,0.0
32559,0.0
32560,0.0
32561,0.0
32562,0.0
32563,0.0
32564,0.0
32565,0.0
32566,0.0
32567,0.0
32568,0.0
32569,0.0
32570,0.0
32571,0.0
32572,0.0
32573,0.0
32574,0.0
32575,0.0
32576,0.0
32577,0.0
32578,1.0
32579,0.0
32580,0.0
32581,0.0
32582,0.0
32583,0.0
32584,0.0
32585,0.0
32586,0.0
32587,0.0
32588,0.0
32589,0.0
32590,0.0
32591,0.0
32592,0.0
32593,0.0
32594,0.0
32595,0.0
32596,0.0
32597,0.0
32598,0.0
32599,0.0
32600,0.0
32601,0.0
32602,0.0
32603,0.0
32604,0.0
32605,0.0
32606,0.0
32607,0.0
32608,0.0
32609,0.0
32610,0.0
32611,0.0
32612,0.0
32613,0.0
32614,0.0
32615,0.0
32616,0.0
32617,0.0
32618,0.0
32619,0.0
32620,0.0
32621,0.0
32622,0.0
32623,0.0
32624,0.0
32625,0.0
32626,0.0
32627,0.0
32628,0.0
32629,1.0
32630,0.0
32631,1.0
32632,0.0
32633,1.0
32634,0.0
32635,1.0
32636,1.0
32637,1.0
32638,1.0
32639,1.0
32640,0.0
32641,1.0
32642,0.0
32643,1.0
32644,1.0
32645,0.0
32646,0.0
32647,0.0
32648,0.0
32649,0.0
32650,0.0
32651,0.0
32652,0.0
32653,0.0
32654,0.0
32655,0.0
32656,1.0
32657,0.0
32658,0.0
32659,1.0
32660,0.0
32661,0.0
32662,1.0
32663,0.0
32664,1.0
32665,0.0
32666,0.0
32667,0.0
32668,0.0
32669,0.0
32670,0.0
32671,0.0
32672,0.0
32673,0.0
32674,0.0
32675,0.0
32676,0.0
32677,0.0
32678,0.0
32679,0.0
32680,0.0
32681,0.0
32682,0.0
32683,0.0
32684,0.0
32685,0.0
32686,0.0
32687,0.0
32688,0.0
32689,0.0
32690,0.0
32691,0.0
32692,0.0
32693,0.0
32694,0.0
32695,0.0
32696,0.0
32697,0.0
32698,0.0
32699,0.0
32700,0.0
32701,0.0
32702,0.0
32703,0.0
32704,0.0
32705,0.0
32706,0.0
32707,0.0
32708,0.0
32709,0.0
32710,0.0
32711,0.0
32712,0.0
32713,0.0
32714,0.0
32715,0.0
32716,0.0
32717,0.0
32718,1.0
32719,1.0
32720,1.0
32721,1.0
32722,0.0
32723,0.0
32724,0.0
32725,0.0
32726,0.0
32727,0.0
32728,0.0
32729,0.0
32730,0.0
32731,0.0
32732,0.0
32733,0.0
32734,0.0
32735,0.0
32736,0.0
32737,0.0
32738,0.0
32739,0.0
32740,0.0
32741,0.0
32742,0.0
32743,0.0
32744,0.0
32745,0.0
32746,0.0
32747,0.0
32748,0.0
32749,0.0
32750,0.0
32751,0.0
32752,0.0
32753,0.0
32754,1.0
32755,1.0
32756,0.0
32757,0.0
32758,0.0
32759,0.0
32760,0.0
32761,0.0
32762,0.0
32763,0.0
32764,0.0
32765,0.0
32766,0.0
32767,0.0
32768,0.0
32769,0.0
32770,0.0
32771,0.0
32772,0.0
32773,0.0
32774,0.0
32775,0.0
32776,0.0
32777,0.0
32778,0.0
32779,0.0
32780,0.0
32781,0.0
32782,0.0
32783,0.0
32784,0.0
32785,0.0
32786,0.0
32787,0.0
32788,0.0
32789,0.0
32790,0.0
32791,0.0
32792,0.0
32793,0.0
32794,0.0
32795,0.0
32796,0.0
32797,0.0
32798,0.0
32799,0.0
32800,0.0
32801,0.0
32802,0.0
32803,0.0
32804,0.0
32805,0.0
32806,0.0
32807,0.0
32808,0.0
32809,0.0
32810,0.0
32811,0.0
32812,0.0
32813,0.0
32814,0.0
32815,0.0
32816,0.0
32817,0.0
32818,0.0
32819,0.0
32820,0.0
32821,0.0
32822,0.0
32823,0.0
32824,0.0
32825,0.0
32826,0.0
32827,0.0
32828,0.0
32829,0.0
32830,0.0
32831,0.0
32832,0.0
32833,0.0
32834,0.0
32835,0.0
32836,0.0
32837,0.0
32838,0.0
32839,0.0
32840,0.0
32841,0.0
32842,0.0
32843,0.0
32844,0.0
32845,0.0
32846,0.0
32847,0.0
32848,1.0
32849,1.0
32850,1.0
32851,0.0
32852,0.0
32853,0.0
32854,0.0
32855,0.0
32856,0.0
32857,0.0
32858,0.0
32859,0.0
32860,0.0
32861,0.0
32862,0.0
32863,0.0
32864,0.0
32865,0.0
32866,0.0
32867,1.0
32868,1.0
32869,0.0
32870,0.0
32871,0.0
32872,0.0
32873,0.0
32874,0.0
32875,0.0
32876,0.0
32877,1.0
32878,0.0
32879,1.0
32880,1.0
32881,1.0
32882,1.0
32883,0.0
32884,0.0
32885,0.0
32886,0.0
32887,0.0
32888,0.0
32889,0.0
32890,0.0
32891,0.0
32892,0.0
32893,0.0
32894,0.0
32895,0.0
32896,0.0
32897,0.0
32898,0.0
32899,0.0
32900,0.0
32901,0.0
32902,0.0
32903,0.0
32904,1.0
32905,0.0
32906,1.0
32907,0.0
32908,0.0
32909,0.0
32910,0.0
32911,0.0
32912,0.0
32913,0.0
32914,0.0
32915,0.0
32916,0.0
32917,0.0
32918,0.0
32919,0.0
32920,0.0
32921,1.0
32922,0.0
32923,0.0
32924,0.0
32925,1.0
32926,0.0
32927,0.0
32928,0.0
32929,0.0
32930,0.0
32931,0.0
32932,0.0
32933,0.0
32934,0.0
32935,0.0
32936,0.0
32937,0.0
32938,0.0
32939,0.0
32940,0.0
32941,0.0
32942,0.0
32943,0.0
32944,0.0
32945,0.0
32946,0.0
32947,0.0
32948,0.0
32949,0.0
32950,0.0
32951,0.0
32952,0.0
32953,0.0
32954,0.0
32955,0.0
32956,0.0
32957,0.0
32958,0.0
32959,0.0
32960,0.0
32961,0.0
32962,0.0
32963,0.0
32964,0.0
32965,0.0
32966,0.0
32967,0.0
32968,0.0
32969,0.0
32970,0.0
